invoice_id,date,hour,amount,employee,payment,discount_pct,is_fraud,fraud_level
1695,2025-04-15,14,249.77,E3,cash,5,0,normal
9016,2025-07-31,13,699.99,E2,cash,30,1,medium
1030,2025-01-21,16,365.61,E3,cash,0,0,normal
1599,2025-01-16,10,183.1,E3,cash,10,0,normal
1096,2025-07-21,18,352.44,E1,cash,0,0,normal
1244,2025-06-01,11,382.83,E1,card,5,0,normal
1558,2025-02-24,12,200.84,E3,card,0,0,normal
1352,2025-01-09,17,206.71,E3,card,0,0,normal
1464,2025-05-08,16,342.6,E2,card,0,0,normal
1543,2025-01-08,20,323.19,E3,card,0,0,normal
1447,2025-08-21,14,321.66,E1,card,0,0,normal
1254,2025-03-03,14,444.03,E3,card,0,0,normal
1250,2025-08-04,11,296.63,E2,cash,0,0,normal
1065,2025-01-09,11,315.66,E3,cash,0,0,normal
1668,2025-06-20,21,252.68,E1,card,5,0,normal
1215,2025-01-30,10,160.42,E1,card,0,0,normal
1039,2025-02-28,16,201.9,E2,card,5,0,normal
1192,2025-08-19,21,354.71,E1,cash,5,0,normal
1086,2025-02-23,21,227.94,E1,cash,10,0,normal
1493,2025-08-09,14,272.64,E1,card,0,0,normal
1670,2025-01-12,16,265.66,E2,card,0,0,normal
1196,2025-01-29,11,286.25,E1,card,0,0,normal
1209,2025-05-14,12,129.29,E3,card,0,0,normal
1212,2025-04-18,13,116.19,E1,card,0,0,normal
1738,2025-03-25,17,397.5,E2,card,10,0,normal
1275,2025-08-13,10,181.63,E3,cash,0,0,normal
1120,2025-02-10,10,195.58,E3,cash,0,0,normal
1292,2025-02-07,12,368.52,E1,cash,5,0,normal
1139,2025-02-02,16,255.73,E2,card,0,0,normal
1291,2025-05-25,16,111.08,E3,card,0,0,normal
9036,2025-01-11,21,455.06,E2,cash,15,1,soft
1063,2025-03-01,13,325.25,E1,card,0,0,normal
1618,2025-03-10,21,407.43,E1,cash,0,0,normal
1066,2025-03-31,18,230.37,E2,card,0,0,normal
1533,2025-02-18,19,340.17,E3,card,0,0,normal
1518,2025-03-07,12,259.94,E3,card,0,0,normal
1334,2025-05-31,13,376.41,E2,card,0,0,normal
1328,2025-05-09,21,235.29,E3,cash,10,0,normal
1239,2025-06-14,17,299.73,E2,cash,0,0,normal
1417,2025-07-01,18,279.26,E2,card,5,0,normal
1651,2025-01-24,11,337.85,E1,cash,0,0,normal
1650,2025-01-16,10,238.86,E2,cash,0,0,normal
1067,2025-02-22,10,339.63,E1,cash,0,0,normal
1405,2025-07-23,14,246.88,E2,card,0,0,normal
1630,2025-02-08,21,188.18,E2,cash,5,0,normal
1477,2025-06-24,15,192.13,E1,cash,0,0,normal
1023,2025-03-29,21,243.18,E2,cash,0,0,normal
1311,2025-07-06,19,101.88,E3,cash,0,0,normal
1621,2025-08-26,10,142.58,E1,card,0,0,normal
1545,2025-03-01,21,202.25,E2,cash,0,0,normal
1286,2025-03-09,11,335.71,E1,cash,0,0,normal
1722,2025-05-31,13,142.62,E3,card,0,0,normal
1698,2025-02-27,16,277.21,E3,card,0,0,normal
1557,2025-04-09,15,209.49,E3,cash,0,0,normal
1512,2025-07-23,14,237.08,E2,cash,0,0,normal
1659,2025-06-01,12,201.17,E2,cash,5,0,normal
1431,2025-02-17,18,275.03,E1,card,0,0,normal
1211,2025-01-28,14,304.55,E1,cash,0,0,normal
1361,2025-02-23,17,260.85,E2,cash,5,0,normal
1549,2025-04-13,17,27.83,E1,card,0,0,normal
1078,2025-07-25,17,275.83,E1,cash,0,0,normal
9026,2025-06-06,17,730.25,E2,cash,30,1,medium
9006,2025-08-05,2,1003.86,E2,cash,40,1,hard
1589,2025-02-03,18,373.69,E3,card,0,0,normal
9027,2025-02-23,12,592.26,E2,cash,30,1,medium
1368,2025-07-19,15,245.35,E3,card,0,0,normal
1137,2025-06-12,10,307.42,E1,cash,0,0,normal
1316,2025-05-27,18,171.34,E3,cash,0,0,normal
1294,2025-03-10,20,170.06,E1,card,0,0,normal
1155,2025-08-04,10,194.65,E3,cash,10,0,normal
1750,2025-05-27,18,390.74,E3,cash,0,0,normal
1462,2025-06-10,15,312.34,E2,card,5,0,normal
1326,2025-03-23,17,425.59,E2,cash,0,0,normal
1049,2025-02-20,15,5.88,E3,card,0,0,normal
1796,2025-08-24,11,197.49,E3,cash,0,0,normal
1658,2025-03-25,16,250.9,E3,card,0,0,normal
1569,2025-04-30,15,281.64,E3,card,5,0,normal
1494,2025-06-19,20,322.86,E1,cash,0,0,normal
1208,2025-07-04,19,235.45,E3,card,0,0,normal
9035,2025-06-04,19,499.48,E2,cash,15,1,soft
1033,2025-02-27,21,373.12,E1,cash,0,0,normal
1031,2025-06-10,12,312.01,E2,card,10,0,normal
1673,2025-06-10,18,170.76,E1,cash,0,0,normal
1457,2025-04-26,17,227.16,E3,card,0,0,normal
1482,2025-06-04,17,210.87,E3,card,10,0,normal
1759,2025-03-24,14,226.97,E2,card,0,0,normal
1429,2025-07-16,17,150.1,E2,card,5,0,normal
1453,2025-04-05,18,287.98,E2,cash,0,0,normal
1109,2025-07-27,12,96.21,E2,card,0,0,normal
1072,2025-07-07,12,247.82,E1,card,0,0,normal
1077,2025-02-04,19,231.93,E2,cash,0,0,normal
1620,2025-04-04,14,291.18,E2,card,5,0,normal
1534,2025-06-29,20,138.57,E3,card,0,0,normal
1666,2025-07-08,16,238.67,E3,cash,0,0,normal
1198,2025-01-13,20,145.31,E1,cash,0,0,normal
1784,2025-05-13,17,170.89,E3,cash,0,0,normal
1748,2025-07-08,18,153.59,E2,card,5,0,normal
1281,2025-06-21,15,225.27,E3,card,0,0,normal
1792,2025-03-17,19,314.62,E2,cash,0,0,normal
1439,2025-08-08,21,255.68,E1,cash,0,0,normal
1742,2025-05-21,11,324.43,E3,cash,0,0,normal
1259,2025-05-10,21,208.57,E2,cash,0,0,normal
1346,2025-05-09,14,263.43,E1,card,0,0,normal
1786,2025-08-03,21,244.3,E1,cash,0,0,normal
1635,2025-01-23,16,358.53,E2,card,10,0,normal
1755,2025-07-25,19,171.25,E3,card,0,0,normal
1005,2025-03-13,19,261.96,E2,cash,5,0,normal
1054,2025-08-17,14,341.7,E1,card,5,0,normal
1788,2025-08-23,14,299.06,E2,card,0,0,normal
1603,2025-07-10,20,288.28,E1,card,10,0,normal
1363,2025-06-10,11,211.54,E1,cash,0,0,normal
1615,2025-01-29,20,214.95,E3,card,0,0,normal
1097,2025-07-09,13,220.16,E2,card,0,0,normal
1799,2025-01-07,20,-2.56,E2,card,0,0,normal
1076,2025-06-24,21,177.46,E1,card,5,0,normal
1448,2025-02-06,14,292.93,E1,card,0,0,normal
1694,2025-04-25,13,221.13,E3,cash,0,0,normal
9003,2025-07-08,4,1512.24,E2,cash,40,1,hard
1443,2025-04-27,14,169.4,E2,card,0,0,normal
1567,2025-05-27,19,333.86,E1,card,0,0,normal
1450,2025-04-03,20,272.27,E1,cash,10,0,normal
1479,2025-05-31,12,317.74,E1,card,0,0,normal
1084,2025-01-02,17,106.78,E3,card,5,0,normal
1010,2025-07-30,12,276.8,E1,card,5,0,normal
1168,2025-05-11,19,296.68,E2,card,0,0,normal
1110,2025-08-25,14,265.27,E2,card,10,0,normal
1300,2025-08-28,12,207.13,E3,cash,0,0,normal
1535,2025-06-19,21,252.24,E1,card,0,0,normal
1227,2025-07-09,20,326.14,E2,card,0,0,normal
1757,2025-05-08,11,143.73,E1,cash,5,0,normal
1342,2025-04-22,18,392.56,E2,card,0,0,normal
1118,2025-05-04,16,115.56,E3,card,10,0,normal
1514,2025-08-03,21,74.4,E1,cash,0,0,normal
9000,2025-07-25,4,1701.66,E2,cash,60,1,hard
1029,2025-07-07,12,254.03,E2,cash,0,0,normal
1296,2025-04-08,11,189.48,E2,cash,5,0,normal
1357,2025-07-27,12,276.37,E2,card,5,0,normal
1693,2025-06-11,13,296.12,E1,cash,0,0,normal
1314,2025-03-31,10,274.14,E3,card,0,0,normal
1081,2025-02-19,17,223.02,E1,card,10,0,normal
1375,2025-08-05,11,262.69,E3,card,10,0,normal
1467,2025-08-22,10,288.9,E1,card,0,0,normal
1529,2025-05-30,15,274.6,E1,cash,0,0,normal
1204,2025-03-07,10,216.68,E2,cash,0,0,normal
1746,2025-04-10,17,240.45,E3,card,10,0,normal
1333,2025-06-27,15,132.58,E3,cash,0,0,normal
1675,2025-03-15,12,245.24,E1,card,0,0,normal
1434,2025-02-04,12,175.4,E3,card,0,0,normal
1360,2025-06-01,13,255.75,E3,card,0,0,normal
1210,2025-01-28,10,121.65,E3,card,5,0,normal
1247,2025-04-28,12,234.53,E1,card,5,0,normal
1765,2025-05-20,13,259.97,E2,cash,0,0,normal
1007,2025-01-21,14,239.35,E3,cash,0,0,normal
1793,2025-01-09,14,400.8,E2,cash,0,0,normal
1299,2025-05-19,12,306.03,E2,card,0,0,normal
1101,2025-02-17,18,240.64,E2,card,5,0,normal
1344,2025-04-23,14,221.05,E1,card,0,0,normal
1350,2025-02-06,13,404.42,E1,card,0,0,normal
1440,2025-06-07,17,279.64,E1,cash,5,0,normal
1420,2025-01-27,15,225.65,E3,card,5,0,normal
1002,2025-04-03,18,270.74,E1,cash,0,0,normal
1174,2025-01-27,20,431.84,E3,card,0,0,normal
1623,2025-07-16,10,205.56,E2,cash,0,0,normal
1422,2025-01-21,12,261.64,E1,card,0,0,normal
1687,2025-03-31,17,179.89,E3,card,0,0,normal
1218,2025-05-08,21,276.68,E2,cash,0,0,normal
1706,2025-01-21,12,175.44,E1,cash,0,0,normal
1798,2025-08-18,15,123.98,E2,card,5,0,normal
1536,2025-03-11,19,188.62,E2,cash,0,0,normal
1331,2025-07-04,18,260.36,E1,cash,5,0,normal
1362,2025-04-30,15,214.5,E1,cash,0,0,normal
1468,2025-08-11,10,147.21,E1,card,10,0,normal
1426,2025-04-21,21,124.22,E2,card,0,0,normal
1306,2025-03-11,16,186.67,E2,cash,5,0,normal
1605,2025-01-22,15,310.62,E1,card,0,0,normal
1079,2025-03-22,15,62.33,E3,card,0,0,normal
1148,2025-03-13,16,246.25,E3,cash,0,0,normal
1773,2025-05-24,19,176.43,E3,card,0,0,normal
1611,2025-06-28,14,243.26,E3,card,0,0,normal
1775,2025-02-08,16,205.56,E1,card,0,0,normal
1672,2025-03-06,10,172.48,E1,cash,0,0,normal
1382,2025-03-23,15,322.22,E1,card,5,0,normal
1327,2025-04-14,10,196.9,E3,card,0,0,normal
1622,2025-07-09,16,334.17,E2,card,0,0,normal
1133,2025-03-04,10,327.65,E2,card,10,0,normal
1689,2025-04-03,12,337.68,E1,cash,0,0,normal
1231,2025-08-21,16,241.93,E2,cash,0,0,normal
1538,2025-02-23,11,111.72,E2,card,5,0,normal
1055,2025-02-20,15,245.49,E2,card,5,0,normal
1539,2025-08-23,18,142.84,E3,cash,5,0,normal
1634,2025-04-11,10,289.85,E1,card,5,0,normal
1527,2025-07-09,19,321.04,E2,cash,5,0,normal
1594,2025-03-30,16,299.37,E2,card,0,0,normal
1655,2025-05-08,10,360.5,E2,card,0,0,normal
1579,2025-03-03,14,306.94,E1,cash,0,0,normal
1768,2025-05-03,11,222.43,E3,cash,0,0,normal
1213,2025-02-13,19,278.48,E3,card,0,0,normal
1656,2025-06-09,17,238.93,E1,card,0,0,normal
1578,2025-04-27,18,216.36,E3,card,5,0,normal
1060,2025-01-18,13,265.79,E2,card,0,0,normal
1199,2025-06-09,12,480.77,E3,card,0,0,normal
1601,2025-08-19,20,204.34,E1,cash,5,0,normal
1465,2025-01-18,10,301.28,E2,cash,0,0,normal
1580,2025-01-23,18,254.41,E3,card,0,0,normal
9001,2025-05-07,23,1255.88,E2,cash,40,1,hard
1552,2025-04-19,19,382.85,E2,cash,5,0,normal
1678,2025-01-29,20,159.05,E2,cash,0,0,normal
1393,2025-05-22,19,335.34,E1,cash,10,0,normal
1266,2025-07-06,19,301.41,E2,cash,5,0,normal
1367,2025-04-23,13,140.29,E3,card,0,0,normal
9017,2025-06-21,12,535.87,E2,cash,25,1,medium
1756,2025-08-11,19,212.54,E3,card,0,0,normal
1090,2025-08-09,19,274.66,E2,cash,0,0,normal
1787,2025-08-09,18,454.38,E3,cash,5,0,normal
1181,2025-07-24,20,139.76,E1,cash,10,0,normal
1433,2025-01-04,21,319.27,E2,card,0,0,normal
1740,2025-08-05,16,270.78,E2,card,0,0,normal
1541,2025-04-11,17,105.02,E1,card,0,0,normal
1158,2025-06-21,10,160.79,E3,card,0,0,normal
1069,2025-03-25,14,248.21,E3,card,0,0,normal
1323,2025-06-17,15,223.04,E2,card,5,0,normal
1131,2025-05-16,20,342.74,E1,cash,0,0,normal
1044,2025-01-15,21,232.65,E1,cash,0,0,normal
1649,2025-01-04,21,225.18,E2,card,10,0,normal
1070,2025-04-02,15,307.68,E3,card,5,0,normal
1444,2025-01-06,21,198.99,E3,card,0,0,normal
1662,2025-06-12,12,153.1,E1,cash,0,0,normal
1671,2025-03-08,17,272.12,E1,card,5,0,normal
1265,2025-03-22,18,67.6,E2,card,0,0,normal
1135,2025-03-22,18,431.52,E3,card,0,0,normal
1082,2025-04-14,21,290.91,E3,cash,0,0,normal
1165,2025-04-11,21,214.1,E1,cash,0,0,normal
1164,2025-08-15,11,143.31,E3,cash,0,0,normal
1028,2025-07-11,19,171.83,E2,cash,0,0,normal
1432,2025-05-27,11,255.2,E2,card,0,0,normal
1193,2025-08-25,11,166.36,E3,cash,5,0,normal
1260,2025-05-11,19,405.9,E3,card,5,0,normal
1544,2025-02-22,21,290.41,E3,cash,0,0,normal
1778,2025-02-11,15,282.5,E1,card,0,0,normal
1136,2025-05-16,12,286.85,E1,card,0,0,normal
1644,2025-07-05,10,302.94,E2,card,5,0,normal
1329,2025-01-11,12,146.93,E2,card,5,0,normal
1140,2025-05-03,15,192.59,E1,card,0,0,normal
1559,2025-06-17,17,338.3,E1,card,0,0,normal
1006,2025-07-08,11,296.79,E3,card,0,0,normal
1548,2025-01-05,14,252.35,E2,card,0,0,normal
1595,2025-08-20,11,166.98,E3,card,5,0,normal
1235,2025-07-19,17,258.24,E2,card,0,0,normal
1593,2025-02-17,11,326.9,E3,cash,10,0,normal
1073,2025-07-18,16,200.03,E1,cash,10,0,normal
1583,2025-05-20,18,109.36,E2,cash,5,0,normal
1734,2025-01-30,21,288.98,E3,cash,0,0,normal
1396,2025-05-28,20,349.83,E3,card,0,0,normal
1145,2025-01-28,15,193.34,E3,cash,0,0,normal
1423,2025-01-30,10,284.2,E1,card,0,0,normal
1234,2025-07-17,15,342.08,E1,cash,0,0,normal
1220,2025-08-05,17,239.29,E1,cash,5,0,normal
1319,2025-07-18,12,388.39,E2,cash,0,0,normal
1336,2025-08-10,11,295.34,E1,cash,0,0,normal
1132,2025-08-04,10,263.62,E3,cash,0,0,normal
1398,2025-05-16,20,355.44,E2,cash,0,0,normal
9020,2025-03-16,14,741.23,E2,cash,25,1,medium
1451,2025-02-15,19,452.54,E2,card,0,0,normal
1041,2025-08-08,12,224.85,E1,cash,0,0,normal
1735,2025-01-17,17,356.83,E1,card,5,0,normal
1108,2025-08-01,11,259.78,E1,cash,0,0,normal
1365,2025-04-26,21,293.55,E2,card,10,0,normal
1056,2025-05-15,14,22.36,E2,card,0,0,normal
1411,2025-08-26,11,252.97,E3,cash,0,0,normal
1486,2025-01-17,13,81.86,E2,cash,0,0,normal
9038,2025-04-08,12,400.6,E2,cash,15,1,soft
1024,2025-08-24,15,222.3,E3,card,5,0,normal
1302,2025-04-07,16,399.4,E3,cash,5,0,normal
1388,2025-06-18,10,331.13,E1,cash,10,0,normal
1377,2025-06-02,17,339.13,E2,card,10,0,normal
1051,2025-02-24,15,366.77,E3,cash,0,0,normal
1351,2025-06-09,20,319.47,E2,card,5,0,normal
1770,2025-08-16,14,348.12,E3,card,0,0,normal
1264,2025-07-03,20,218.19,E1,cash,0,0,normal
1741,2025-03-27,10,271.28,E1,card,5,0,normal
1582,2025-05-17,13,131.89,E1,card,0,0,normal
1424,2025-04-07,14,140.44,E3,cash,0,0,normal
1588,2025-08-27,13,308.13,E3,card,0,0,normal
1018,2025-06-01,13,155.87,E1,card,0,0,normal
1616,2025-07-25,15,373.25,E2,card,0,0,normal
1290,2025-05-03,12,391.18,E1,card,0,0,normal
1083,2025-05-12,14,316.96,E2,cash,5,0,normal
1061,2025-05-12,12,374.97,E1,card,0,0,normal
1490,2025-02-12,15,101.58,E1,cash,0,0,normal
1285,2025-06-09,17,392.22,E1,card,5,0,normal
1309,2025-01-03,16,237.44,E1,card,5,0,normal
1404,2025-06-25,19,222.73,E1,card,10,0,normal
9004,2025-04-10,23,1277.0,E2,cash,50,1,hard
1182,2025-06-28,18,258.01,E1,cash,0,0,normal
1332,2025-08-05,14,183.22,E1,card,0,0,normal
1525,2025-07-05,13,205.06,E1,card,10,0,normal
1223,2025-08-13,15,395.69,E1,card,5,0,normal
1522,2025-03-27,20,109.96,E2,card,0,0,normal
1497,2025-02-19,13,392.29,E3,cash,5,0,normal
1338,2025-04-09,17,313.65,E3,cash,10,0,normal
1381,2025-04-20,14,149.95,E1,cash,0,0,normal
1470,2025-02-27,11,295.25,E1,card,0,0,normal
1519,2025-02-01,13,284.02,E3,cash,0,0,normal
1176,2025-07-26,21,96.54,E3,cash,5,0,normal
1570,2025-03-04,16,335.57,E1,card,0,0,normal
1767,2025-06-29,15,219.5,E3,card,5,0,normal
1163,2025-07-12,17,228.73,E1,cash,0,0,normal
1248,2025-06-09,14,263.16,E3,card,5,0,normal
1542,2025-08-13,21,200.43,E1,card,0,0,normal
1743,2025-07-06,12,321.8,E3,card,5,0,normal
1074,2025-06-21,18,105.51,E1,card,10,0,normal
1501,2025-03-01,14,437.2,E3,card,5,0,normal
1499,2025-06-01,11,140.0,E1,cash,0,0,normal
1104,2025-07-25,13,258.69,E1,card,0,0,normal
1114,2025-01-24,17,374.04,E3,card,0,0,normal
1412,2025-06-07,13,103.24,E3,card,0,0,normal
1092,2025-05-26,11,271.91,E1,card,0,0,normal
1436,2025-02-18,10,185.48,E2,card,0,0,normal
1089,2025-02-23,17,322.17,E2,card,0,0,normal
1456,2025-08-13,11,316.58,E2,cash,0,0,normal
1771,2025-02-22,18,122.11,E1,cash,0,0,normal
1781,2025-05-22,18,131.98,E3,card,0,0,normal
1516,2025-04-02,20,175.75,E2,card,0,0,normal
1521,2025-07-10,19,297.05,E1,cash,0,0,normal
1094,2025-02-13,21,241.26,E2,cash,0,0,normal
1011,2025-08-03,17,95.24,E1,cash,0,0,normal
1551,2025-01-06,17,43.54,E3,cash,0,0,normal
1043,2025-07-27,18,197.15,E2,card,10,0,normal
1042,2025-07-07,21,282.18,E1,cash,0,0,normal
1167,2025-07-25,16,310.91,E3,card,0,0,normal
1736,2025-04-23,10,161.16,E1,cash,0,0,normal
1669,2025-04-11,11,173.68,E1,cash,0,0,normal
1705,2025-08-05,14,217.2,E3,cash,0,0,normal
1708,2025-05-18,13,405.69,E3,cash,0,0,normal
1178,2025-03-31,15,352.29,E2,card,5,0,normal
1554,2025-04-26,21,409.68,E1,card,0,0,normal
1643,2025-05-27,11,263.74,E2,cash,0,0,normal
1177,2025-01-15,10,374.46,E3,card,0,0,normal
1679,2025-05-21,17,243.95,E1,card,0,0,normal
1584,2025-05-09,14,130.19,E2,card,0,0,normal
1257,2025-01-12,14,384.87,E1,card,5,0,normal
1380,2025-05-08,21,280.82,E1,card,0,0,normal
1335,2025-06-08,19,105.5,E3,cash,0,0,normal
1761,2025-05-24,15,257.3,E3,card,0,0,normal
1015,2025-04-27,10,155.61,E2,card,10,0,normal
1003,2025-01-15,11,288.91,E2,card,5,0,normal
1355,2025-05-27,16,295.31,E1,card,0,0,normal
1256,2025-02-21,10,240.93,E1,cash,0,0,normal
1394,2025-01-21,15,338.16,E1,card,0,0,normal
1625,2025-05-24,18,296.16,E3,card,0,0,normal
1657,2025-08-07,16,258.48,E3,card,0,0,normal
1772,2025-05-31,15,290.96,E3,card,10,0,normal
1442,2025-02-15,18,197.69,E3,card,0,0,normal
1760,2025-04-21,20,411.29,E1,cash,0,0,normal
1428,2025-08-13,14,285.14,E1,card,5,0,normal
1324,2025-05-08,11,77.32,E1,cash,0,0,normal
1485,2025-08-06,10,333.06,E3,card,0,0,normal
1009,2025-05-02,15,149.28,E3,card,0,0,normal
1249,2025-04-06,14,296.99,E3,cash,0,0,normal
1022,2025-01-02,12,178.27,E2,card,0,0,normal
1356,2025-02-17,12,59.06,E3,cash,0,0,normal
1221,2025-08-19,14,143.99,E3,cash,0,0,normal
1590,2025-04-06,19,196.14,E1,cash,0,0,normal
1723,2025-07-09,14,229.04,E3,card,0,0,normal
9024,2025-03-29,13,734.1,E2,cash,20,1,medium
1483,2025-08-22,19,187.82,E3,card,0,0,normal
1340,2025-05-24,15,348.53,E3,cash,0,0,normal
1703,2025-04-30,10,271.07,E2,cash,0,0,normal
1203,2025-01-28,15,143.2,E1,cash,0,0,normal
1237,2025-05-17,17,150.34,E3,card,0,0,normal
1093,2025-08-06,21,333.53,E3,cash,5,0,normal
1425,2025-01-28,21,206.62,E2,card,0,0,normal
1383,2025-07-13,19,214.15,E3,card,10,0,normal
1532,2025-03-27,16,276.82,E2,cash,10,0,normal
1284,2025-07-17,16,252.57,E3,card,0,0,normal
1184,2025-04-06,16,201.17,E1,card,0,0,normal
1680,2025-01-12,15,324.85,E3,card,5,0,normal
1677,2025-02-13,16,216.65,E1,cash,0,0,normal
1153,2025-05-31,19,280.88,E3,card,5,0,normal
1075,2025-01-08,20,301.11,E1,cash,5,0,normal
1685,2025-08-03,10,168.25,E2,card,0,0,normal
1523,2025-02-20,20,86.03,E3,card,0,0,normal
1277,2025-05-27,10,122.92,E2,card,0,0,normal
1068,2025-05-10,10,273.05,E1,card,0,0,normal
1537,2025-01-15,17,144.3,E2,cash,0,0,normal
1188,2025-05-12,20,206.41,E2,cash,0,0,normal
1271,2025-02-23,20,357.86,E1,card,0,0,normal
1629,2025-03-26,15,449.66,E1,card,0,0,normal
1528,2025-05-05,17,191.62,E3,cash,0,0,normal
1236,2025-06-04,13,125.32,E2,card,0,0,normal
1088,2025-01-04,19,191.63,E1,cash,0,0,normal
1714,2025-06-26,13,162.36,E1,cash,10,0,normal
1117,2025-07-07,14,351.31,E2,card,10,0,normal
1125,2025-03-30,20,337.74,E1,card,5,0,normal
1691,2025-07-21,17,181.56,E2,cash,0,0,normal
1289,2025-07-03,17,256.9,E2,cash,0,0,normal
1238,2025-03-03,13,332.74,E2,cash,0,0,normal
1000,2025-04-13,17,229.75,E1,cash,0,0,normal
9031,2025-07-25,15,370.35,E2,cash,20,1,soft
1409,2025-04-29,11,312.8,E1,card,0,0,normal
1733,2025-04-15,15,172.77,E3,cash,5,0,normal
1395,2025-02-17,14,129.87,E3,card,0,0,normal
1487,2025-04-14,16,72.33,E1,card,0,0,normal
1495,2025-01-26,16,132.1,E1,card,0,0,normal
1278,2025-05-06,12,293.4,E1,cash,0,0,normal
1653,2025-01-02,12,273.33,E1,cash,0,0,normal
1116,2025-08-05,20,238.02,E3,card,0,0,normal
1228,2025-05-01,20,220.9,E3,card,0,0,normal
1591,2025-05-06,20,93.31,E3,card,0,0,normal
1445,2025-04-09,12,297.55,E1,card,0,0,normal
1696,2025-05-15,15,317.16,E3,cash,5,0,normal
1274,2025-08-12,13,234.2,E3,card,0,0,normal
1318,2025-04-06,19,404.51,E1,cash,0,0,normal
1575,2025-03-31,12,277.15,E2,card,0,0,normal
1144,2025-02-10,14,278.6,E2,cash,5,0,normal
1602,2025-07-11,21,335.55,E3,card,0,0,normal
1531,2025-02-27,17,188.23,E2,cash,0,0,normal
1763,2025-03-10,14,221.49,E2,card,0,0,normal
1610,2025-05-24,15,131.47,E2,card,0,0,normal
1369,2025-06-13,15,267.69,E3,cash,5,0,normal
1268,2025-01-02,18,199.33,E3,card,0,0,normal
1727,2025-04-23,11,280.75,E2,card,5,0,normal
1307,2025-07-27,18,237.22,E2,card,5,0,normal
1310,2025-05-28,15,394.91,E2,card,0,0,normal
1478,2025-03-27,15,130.62,E3,card,0,0,normal
1046,2025-07-09,18,372.12,E3,cash,0,0,normal
1349,2025-07-16,16,201.69,E1,card,0,0,normal
1371,2025-04-14,17,265.01,E2,card,5,0,normal
1547,2025-04-18,13,420.37,E1,cash,0,0,normal
1261,2025-04-23,11,346.76,E3,card,0,0,normal
1195,2025-06-20,11,307.62,E3,card,0,0,normal
9039,2025-06-20,17,491.24,E2,cash,20,1,soft
1704,2025-06-13,16,236.77,E3,card,5,0,normal
1107,2025-02-09,15,470.85,E2,card,5,0,normal
1059,2025-06-16,14,78.59,E1,cash,0,0,normal
1626,2025-08-06,10,125.08,E1,card,0,0,normal
9030,2025-07-02,12,431.72,E2,cash,15,1,soft
1100,2025-04-05,10,212.57,E2,card,0,0,normal
1507,2025-03-06,13,109.9,E3,card,5,0,normal
1754,2025-01-28,13,285.45,E3,card,0,0,normal
1637,2025-03-10,20,342.35,E2,card,0,0,normal
1481,2025-05-07,12,264.72,E2,cash,5,0,normal
1179,2025-02-11,21,208.87,E3,card,0,0,normal
1304,2025-05-04,21,270.76,E3,card,0,0,normal
1774,2025-02-26,21,299.79,E1,cash,0,0,normal
1506,2025-01-20,15,306.82,E3,card,0,0,normal
9009,2025-06-22,23,1614.77,E3,cash,50,1,hard
1149,2025-01-12,14,300.05,E2,card,0,0,normal
1124,2025-03-06,10,168.46,E3,cash,0,0,normal
1665,2025-06-10,10,266.96,E3,cash,0,0,normal
1730,2025-01-23,12,280.5,E2,cash,0,0,normal
1185,2025-08-19,14,328.94,E3,cash,10,0,normal
1631,2025-04-10,17,208.76,E3,card,10,0,normal
1050,2025-04-18,14,371.31,E2,card,0,0,normal
1728,2025-07-02,14,173.0,E1,card,0,0,normal
1446,2025-05-04,14,237.05,E1,card,0,0,normal
9029,2025-01-16,12,738.95,E2,cash,30,1,medium
1500,2025-01-13,19,157.98,E1,card,0,0,normal
1321,2025-08-21,11,200.26,E2,card,0,0,normal
1353,2025-08-21,16,29.04,E1,card,0,0,normal
1780,2025-06-16,20,192.55,E3,card,0,0,normal
1142,2025-08-22,10,208.19,E2,card,0,0,normal
1370,2025-06-15,10,266.54,E1,card,0,0,normal
1697,2025-07-15,14,217.58,E1,card,0,0,normal
1141,2025-01-05,21,207.33,E3,cash,0,0,normal
1399,2025-05-15,12,432.55,E3,cash,0,0,normal
1263,2025-04-23,19,211.84,E1,card,0,0,normal
1320,2025-02-21,18,123.43,E2,card,10,0,normal
1019,2025-05-11,13,89.75,E1,card,5,0,normal
1172,2025-05-22,15,187.41,E2,card,5,0,normal
1684,2025-02-04,12,270.7,E2,card,0,0,normal
1312,2025-06-13,21,413.05,E3,cash,0,0,normal
1390,2025-06-10,10,217.22,E3,cash,5,0,normal
1783,2025-05-02,20,329.4,E3,cash,0,0,normal
1012,2025-03-16,10,275.52,E2,cash,0,0,normal
1407,2025-04-25,19,278.09,E3,card,0,0,normal
1408,2025-08-02,21,364.23,E2,cash,0,0,normal
1305,2025-07-06,19,40.78,E2,card,0,0,normal
1354,2025-04-09,18,111.0,E3,card,0,0,normal
1025,2025-06-07,16,190.7,E3,cash,0,0,normal
1636,2025-01-10,12,222.36,E3,cash,0,0,normal
1169,2025-01-01,19,193.78,E2,card,0,0,normal
1530,2025-02-27,15,323.2,E1,card,0,0,normal
1038,2025-08-07,18,259.31,E2,card,0,0,normal
1175,2025-05-17,11,183.41,E1,card,5,0,normal
1245,2025-07-26,19,387.13,E3,card,0,0,normal
1298,2025-08-02,15,205.94,E1,cash,0,0,normal
9034,2025-02-11,10,486.16,E2,cash,20,1,soft
1416,2025-02-20,10,396.19,E3,card,5,0,normal
1572,2025-04-02,10,240.28,E1,card,0,0,normal
1272,2025-03-28,10,205.93,E1,cash,0,0,normal
1473,2025-06-23,17,79.7,E3,cash,0,0,normal
1640,2025-06-29,10,232.2,E3,cash,0,0,normal
1568,2025-05-25,13,178.04,E3,cash,0,0,normal
1154,2025-03-03,12,179.61,E2,cash,5,0,normal
1126,2025-03-12,14,228.81,E2,card,5,0,normal
1449,2025-01-24,12,45.08,E2,cash,0,0,normal
1596,2025-08-25,20,386.91,E1,cash,0,0,normal
1341,2025-03-31,14,235.49,E3,card,0,0,normal
1430,2025-03-02,20,434.43,E1,card,10,0,normal
1287,2025-07-02,19,515.16,E1,card,10,0,normal
1113,2025-02-22,19,335.09,E1,card,5,0,normal
1709,2025-04-11,21,277.02,E2,card,0,0,normal
1173,2025-04-13,12,246.26,E3,card,0,0,normal
1359,2025-05-28,14,258.26,E1,cash,5,0,normal
1513,2025-04-25,13,202.42,E2,cash,0,0,normal
1057,2025-01-21,20,366.84,E2,cash,0,0,normal
1576,2025-08-17,17,309.18,E3,cash,5,0,normal
1222,2025-07-09,11,165.67,E1,cash,0,0,normal
1721,2025-06-01,21,268.45,E3,card,0,0,normal
1280,2025-02-22,17,351.81,E2,card,0,0,normal
1017,2025-04-14,18,218.42,E3,card,0,0,normal
1127,2025-01-09,19,259.19,E3,card,0,0,normal
1322,2025-06-10,13,288.98,E3,card,0,0,normal
1255,2025-07-05,15,355.5,E2,cash,0,0,normal
1795,2025-07-05,19,316.14,E2,card,10,0,normal
9007,2025-04-06,23,1814.67,E3,cash,60,1,hard
1190,2025-08-17,16,83.79,E2,card,0,0,normal
1115,2025-06-03,11,311.52,E2,card,0,0,normal
1526,2025-03-04,20,182.2,E3,cash,0,0,normal
1180,2025-05-04,14,239.83,E2,card,5,0,normal
1301,2025-05-24,18,374.95,E3,card,0,0,normal
1676,2025-02-12,17,179.71,E2,card,0,0,normal
1606,2025-04-03,17,404.31,E3,cash,0,0,normal
1617,2025-08-08,19,215.44,E3,card,0,0,normal
1585,2025-02-27,19,275.05,E2,card,0,0,normal
1794,2025-03-15,21,401.18,E1,card,0,0,normal
1517,2025-04-08,12,264.53,E1,cash,10,0,normal
9025,2025-07-22,15,702.11,E2,cash,30,1,medium
1045,2025-07-09,10,236.14,E3,cash,0,0,normal
1762,2025-04-27,11,230.22,E1,card,5,0,normal
1157,2025-04-09,18,196.46,E1,cash,0,0,normal
1660,2025-05-20,19,180.78,E2,cash,5,0,normal
1171,2025-08-06,15,337.92,E2,cash,5,0,normal
1016,2025-04-10,16,59.26,E1,cash,5,0,normal
1511,2025-05-22,17,232.98,E2,card,5,0,normal
1048,2025-07-09,10,372.1,E3,card,0,0,normal
9013,2025-02-07,4,1757.8,E2,cash,40,1,hard
1515,2025-05-23,11,193.4,E3,card,10,0,normal
1586,2025-05-02,18,242.88,E2,cash,0,0,normal
1480,2025-07-13,16,200.76,E3,card,10,0,normal
1283,2025-06-09,21,318.17,E1,card,0,0,normal
9015,2025-05-09,12,721.55,E2,cash,30,1,medium
1225,2025-05-01,11,316.79,E2,card,0,0,normal
1026,2025-02-07,20,309.74,E3,card,0,0,normal
9021,2025-06-16,10,627.78,E2,cash,30,1,medium
1437,2025-01-17,17,390.28,E1,cash,0,0,normal
1364,2025-06-01,13,185.13,E2,card,0,0,normal
1229,2025-04-26,12,254.28,E1,cash,5,0,normal
1037,2025-02-18,17,215.58,E3,cash,5,0,normal
9008,2025-06-10,2,1910.24,E3,cash,50,1,hard
1374,2025-04-22,18,305.62,E3,card,0,0,normal
1469,2025-02-23,16,227.47,E1,cash,0,0,normal
9010,2025-06-13,4,1013.78,E2,cash,40,1,hard
1715,2025-04-09,20,90.47,E3,cash,10,0,normal
1725,2025-02-06,15,272.23,E2,card,0,0,normal
1194,2025-05-23,15,179.77,E2,cash,10,0,normal
1717,2025-02-05,11,326.7,E1,card,0,0,normal
1751,2025-03-17,15,137.48,E1,card,0,0,normal
1503,2025-02-26,19,336.89,E3,cash,0,0,normal
9012,2025-01-18,4,1701.83,E3,cash,60,1,hard
1749,2025-08-21,16,250.53,E2,cash,0,0,normal
9011,2025-05-28,3,1342.23,E3,cash,40,1,hard
1162,2025-02-04,10,356.77,E1,cash,10,0,normal
1598,2025-05-09,20,184.03,E1,cash,5,0,normal
1152,2025-02-17,19,391.06,E1,cash,0,0,normal
1581,2025-05-07,19,229.24,E1,card,10,0,normal
1597,2025-04-27,11,371.35,E2,cash,0,0,normal
1641,2025-08-11,17,215.82,E2,cash,0,0,normal
1111,2025-03-23,18,249.73,E2,cash,5,0,normal
1226,2025-01-27,20,334.59,E2,cash,0,0,normal
1587,2025-01-01,12,116.77,E3,card,0,0,normal
1103,2025-07-19,14,357.48,E2,cash,5,0,normal
1421,2025-08-14,16,363.56,E3,cash,5,0,normal
1419,2025-01-27,17,413.87,E2,cash,10,0,normal
1119,2025-08-25,17,185.55,E2,cash,0,0,normal
1053,2025-05-11,21,68.93,E3,cash,5,0,normal
1151,2025-02-02,14,307.5,E3,card,0,0,normal
1403,2025-02-02,17,452.15,E2,cash,0,0,normal
1791,2025-08-27,10,126.1,E3,card,0,0,normal
1207,2025-03-03,16,334.35,E3,cash,10,0,normal
1710,2025-07-20,11,279.02,E2,card,0,0,normal
1732,2025-04-09,19,348.99,E2,cash,0,0,normal
1008,2025-04-13,14,245.52,E2,card,0,0,normal
1682,2025-02-15,14,462.73,E3,card,0,0,normal
1036,2025-03-30,21,263.04,E1,cash,0,0,normal
1452,2025-06-30,13,369.27,E1,card,5,0,normal
1253,2025-04-23,15,231.53,E1,card,5,0,normal
1303,2025-07-20,14,364.81,E3,cash,0,0,normal
1633,2025-08-10,16,138.55,E3,card,0,0,normal
1571,2025-01-19,18,-54.96,E3,cash,0,0,normal
1604,2025-03-10,12,328.94,E1,card,0,0,normal
1613,2025-03-27,10,240.84,E3,cash,0,0,normal
1262,2025-04-11,10,463.17,E3,card,5,0,normal
1297,2025-07-17,19,44.37,E3,cash,5,0,normal
1414,2025-08-18,14,32.52,E2,cash,0,0,normal
1150,2025-06-11,14,201.23,E3,cash,5,0,normal
1667,2025-06-28,16,185.43,E2,card,0,0,normal
1745,2025-06-26,18,320.56,E2,card,0,0,normal
1550,2025-07-15,14,329.78,E2,card,0,0,normal
1488,2025-06-10,20,343.83,E1,cash,0,0,normal
1147,2025-07-20,14,235.72,E2,card,5,0,normal
1146,2025-05-15,12,267.54,E1,card,0,0,normal
9032,2025-01-11,13,484.05,E2,cash,15,1,soft
1779,2025-07-05,14,197.88,E1,card,0,0,normal
1628,2025-06-25,15,249.09,E2,card,0,0,normal
1348,2025-05-20,15,193.85,E1,cash,0,0,normal
1463,2025-03-08,10,291.18,E3,card,5,0,normal
1325,2025-02-08,17,190.8,E3,card,0,0,normal
1186,2025-02-21,14,291.74,E1,cash,0,0,normal
1123,2025-02-14,11,231.94,E1,cash,10,0,normal
1716,2025-08-28,19,322.31,E1,card,5,0,normal
1608,2025-03-17,16,284.23,E1,card,0,0,normal
1143,2025-08-19,14,164.47,E1,card,0,0,normal
9002,2025-03-21,2,1631.56,E2,cash,40,1,hard
1197,2025-02-05,11,312.09,E3,card,0,0,normal
1609,2025-06-03,13,54.36,E2,card,10,0,normal
1279,2025-05-10,13,212.21,E3,card,0,0,normal
1293,2025-01-24,16,289.54,E3,card,0,0,normal
1400,2025-07-14,10,328.74,E3,card,5,0,normal
1122,2025-01-15,10,295.61,E3,card,10,0,normal
1183,2025-03-04,10,354.93,E3,card,5,0,normal
1202,2025-03-27,18,235.72,E2,card,0,0,normal
1438,2025-06-21,15,154.72,E1,card,5,0,normal
1246,2025-02-28,12,283.48,E2,cash,0,0,normal
1415,2025-04-19,18,202.02,E1,card,0,0,normal
1744,2025-01-19,10,351.37,E2,cash,0,0,normal
1129,2025-05-09,15,253.5,E2,cash,0,0,normal
1402,2025-05-08,11,345.72,E3,cash,0,0,normal
9023,2025-02-23,11,527.75,E2,cash,20,1,medium
1652,2025-03-21,15,247.29,E2,cash,5,0,normal
1764,2025-04-09,19,228.02,E3,cash,0,0,normal
1219,2025-04-02,13,246.32,E2,cash,0,0,normal
1766,2025-01-25,18,476.12,E3,card,0,0,normal
1638,2025-04-10,17,276.23,E2,cash,0,0,normal
9019,2025-04-06,19,577.02,E2,cash,30,1,medium
1624,2025-07-23,13,142.5,E1,cash,0,0,normal
1707,2025-06-13,12,331.84,E1,cash,5,0,normal
1789,2025-03-16,16,165.09,E1,card,0,0,normal
1386,2025-07-27,12,277.22,E1,cash,0,0,normal
9014,2025-07-14,3,1030.04,E2,cash,60,1,hard
1509,2025-08-26,13,315.97,E3,cash,0,0,normal
1267,2025-04-23,18,283.77,E3,card,0,0,normal
1692,2025-03-31,20,268.95,E3,card,0,0,normal
1441,2025-08-09,20,285.53,E1,cash,0,0,normal
1496,2025-04-09,10,103.16,E2,card,5,0,normal
1112,2025-04-21,11,242.16,E3,cash,0,0,normal
1232,2025-01-03,16,356.51,E3,cash,0,0,normal
1731,2025-08-05,13,323.52,E1,card,5,0,normal
1607,2025-07-14,18,154.66,E3,card,0,0,normal
1373,2025-08-15,12,275.11,E2,cash,0,0,normal
1233,2025-04-13,20,190.54,E1,card,0,0,normal
1664,2025-02-02,21,362.97,E1,card,10,0,normal
1317,2025-05-28,13,103.64,E1,card,0,0,normal
1648,2025-08-25,15,114.15,E1,card,0,0,normal
1410,2025-01-22,17,532.78,E1,card,10,0,normal
1753,2025-07-18,20,310.46,E3,card,0,0,normal
1358,2025-05-11,17,154.1,E2,cash,0,0,normal
1258,2025-02-08,18,401.71,E3,cash,0,0,normal
1627,2025-08-06,13,181.4,E1,card,0,0,normal
1632,2025-02-02,10,315.91,E3,card,0,0,normal
1282,2025-08-06,19,374.6,E3,card,0,0,normal
1376,2025-04-09,20,295.53,E2,cash,0,0,normal
1384,2025-02-23,15,226.42,E1,cash,5,0,normal
1224,2025-05-09,14,359.36,E1,card,0,0,normal
1797,2025-05-25,21,132.92,E3,card,0,0,normal
1688,2025-01-08,11,55.09,E2,card,0,0,normal
1472,2025-04-14,17,472.12,E1,cash,5,0,normal
1347,2025-02-17,15,207.01,E2,cash,0,0,normal
1505,2025-06-22,15,195.83,E1,card,0,0,normal
1639,2025-02-03,12,184.24,E3,card,0,0,normal
9028,2025-08-06,10,647.62,E2,cash,30,1,medium
1777,2025-06-30,19,283.26,E1,cash,0,0,normal
1758,2025-02-21,16,338.24,E3,card,0,0,normal
1619,2025-02-16,11,321.46,E1,cash,5,0,normal
1718,2025-07-29,12,172.7,E1,card,0,0,normal
1645,2025-04-06,12,295.78,E3,card,0,0,normal
1711,2025-06-01,11,188.59,E1,cash,0,0,normal
1556,2025-02-16,18,217.48,E2,cash,5,0,normal
1577,2025-08-06,14,262.78,E2,cash,0,0,normal
1085,2025-05-14,19,307.3,E1,cash,5,0,normal
1242,2025-08-22,12,268.95,E2,card,0,0,normal
1159,2025-04-14,12,263.9,E3,cash,0,0,normal
1524,2025-06-02,14,39.8,E3,card,0,0,normal
1035,2025-08-24,13,342.58,E1,card,0,0,normal
1540,2025-07-07,10,255.4,E2,cash,0,0,normal
1170,2025-01-05,11,317.67,E2,card,0,0,normal
1654,2025-08-08,13,321.38,E1,cash,10,0,normal
1720,2025-04-06,16,340.18,E2,card,0,0,normal
1712,2025-07-11,10,142.35,E2,cash,10,0,normal
1790,2025-05-26,19,277.34,E3,card,0,0,normal
1095,2025-06-11,14,254.89,E1,cash,0,0,normal
1563,2025-04-24,16,486.63,E2,card,5,0,normal
1240,2025-08-13,18,259.16,E1,cash,5,0,normal
1574,2025-07-02,16,212.91,E1,card,5,0,normal
1690,2025-06-03,17,203.97,E1,card,0,0,normal
1460,2025-06-09,17,172.85,E1,cash,0,0,normal
1553,2025-08-12,10,347.52,E2,card,0,0,normal
1737,2025-03-03,19,383.81,E1,cash,5,0,normal
1206,2025-02-14,21,191.5,E2,cash,5,0,normal
1392,2025-02-02,10,221.24,E2,card,0,0,normal
1397,2025-05-08,13,118.42,E2,card,0,0,normal
1713,2025-08-15,14,246.42,E3,cash,0,0,normal
1217,2025-03-16,10,95.4,E2,card,0,0,normal
1004,2025-04-17,20,298.69,E2,cash,5,0,normal
1642,2025-05-18,12,242.11,E3,card,0,0,normal
1752,2025-01-09,15,189.03,E2,card,0,0,normal
1612,2025-08-17,17,287.64,E3,card,0,0,normal
1546,2025-08-24,13,402.07,E3,card,0,0,normal
1683,2025-05-10,12,287.92,E3,card,0,0,normal
1098,2025-08-16,20,305.63,E2,cash,0,0,normal
1573,2025-02-27,15,243.81,E2,cash,5,0,normal
1406,2025-07-06,16,143.04,E1,card,0,0,normal
1502,2025-05-15,20,294.4,E2,cash,0,0,normal
1047,2025-06-24,17,217.65,E2,card,0,0,normal
1032,2025-07-23,11,325.39,E1,card,0,0,normal
1200,2025-03-12,11,140.58,E1,card,0,0,normal
1134,2025-05-19,11,299.02,E2,card,0,0,normal
1027,2025-05-10,19,340.91,E2,card,0,0,normal
1739,2025-04-22,20,486.26,E2,cash,0,0,normal
1230,2025-07-24,18,117.47,E3,card,0,0,normal
1489,2025-05-17,13,203.21,E3,card,0,0,normal
1378,2025-04-03,19,83.42,E1,cash,0,0,normal
1288,2025-07-22,20,213.15,E2,card,10,0,normal
1418,2025-01-08,20,266.15,E2,cash,0,0,normal
1674,2025-06-17,16,336.6,E1,card,0,0,normal
1391,2025-03-09,21,317.76,E1,card,5,0,normal
1592,2025-04-28,15,186.18,E3,cash,10,0,normal
1498,2025-06-02,15,120.65,E2,card,0,0,normal
1138,2025-06-12,14,349.15,E2,card,0,0,normal
1062,2025-03-30,12,360.71,E2,card,0,0,normal
1471,2025-03-08,14,217.55,E1,card,0,0,normal
1647,2025-03-10,11,241.24,E3,card,0,0,normal
1128,2025-03-29,18,299.6,E2,card,0,0,normal
9018,2025-03-28,10,671.79,E2,cash,25,1,medium
1520,2025-08-03,13,189.16,E1,card,0,0,normal
1064,2025-01-14,18,11.75,E3,card,5,0,normal
1014,2025-03-29,13,283.71,E2,card,5,0,normal
1156,2025-02-06,14,227.66,E3,cash,0,0,normal
1040,2025-06-19,10,74.28,E3,card,0,0,normal
1492,2025-02-08,10,265.22,E1,cash,0,0,normal
1379,2025-05-26,12,334.91,E3,cash,0,0,normal
1187,2025-04-06,11,302.0,E2,cash,5,0,normal
1216,2025-07-09,19,330.17,E2,card,0,0,normal
1052,2025-03-05,19,331.2,E3,card,0,0,normal
1337,2025-02-11,20,56.15,E3,cash,0,0,normal
1719,2025-08-19,16,271.96,E1,card,5,0,normal
1724,2025-08-12,14,369.41,E1,cash,0,0,normal
1295,2025-04-26,21,127.33,E3,card,0,0,normal
1701,2025-03-16,19,304.5,E1,cash,0,0,normal
1251,2025-08-21,21,367.72,E2,card,5,0,normal
1726,2025-01-12,18,298.52,E3,card,0,0,normal
1461,2025-08-03,12,154.75,E2,card,0,0,normal
1455,2025-07-07,18,292.98,E1,card,5,0,normal
9037,2025-02-07,10,465.57,E2,cash,15,1,soft
1269,2025-05-10,15,242.63,E3,card,10,0,normal
1201,2025-07-06,13,263.88,E1,card,0,0,normal
1161,2025-08-07,10,267.07,E1,cash,0,0,normal
1555,2025-04-04,19,273.42,E1,card,0,0,normal
1729,2025-01-13,21,194.12,E3,card,10,0,normal
1401,2025-05-25,15,55.87,E1,card,10,0,normal
1702,2025-06-06,16,133.58,E3,cash,5,0,normal
1476,2025-02-01,12,186.97,E3,cash,0,0,normal
1105,2025-08-03,21,115.01,E1,cash,0,0,normal
1565,2025-04-16,14,106.21,E1,card,10,0,normal
1389,2025-08-16,13,237.5,E1,cash,0,0,normal
1001,2025-06-29,19,358.68,E2,cash,5,0,normal
1785,2025-06-12,11,201.41,E1,cash,10,0,normal
1561,2025-05-24,15,260.82,E1,cash,10,0,normal
1080,2025-06-13,21,82.48,E2,cash,0,0,normal
1205,2025-06-19,17,252.1,E2,cash,10,0,normal
1034,2025-01-22,19,371.94,E2,card,0,0,normal
1508,2025-01-08,17,151.42,E1,card,0,0,normal
1427,2025-07-11,11,241.43,E2,cash,0,0,normal
1454,2025-04-09,19,154.65,E3,cash,10,0,normal
1366,2025-03-16,20,322.47,E1,card,0,0,normal
1091,2025-07-10,21,254.53,E3,cash,0,0,normal
1339,2025-01-07,20,337.33,E1,card,0,0,normal
1564,2025-05-04,10,332.11,E1,card,10,0,normal
1345,2025-01-02,15,209.41,E1,card,5,0,normal
1776,2025-04-19,14,42.63,E1,cash,0,0,normal
1241,2025-02-20,12,225.34,E2,card,0,0,normal
1013,2025-07-22,15,224.74,E1,card,5,0,normal
1315,2025-07-14,13,185.77,E2,card,10,0,normal
1600,2025-07-08,20,196.65,E2,cash,0,0,normal
1387,2025-07-08,13,179.32,E1,cash,0,0,normal
1273,2025-08-17,19,528.46,E3,card,0,0,normal
1166,2025-06-24,17,319.34,E3,card,0,0,normal
9033,2025-06-03,15,361.2,E2,cash,20,1,soft
1646,2025-01-01,11,31.15,E1,cash,0,0,normal
1484,2025-05-10,13,400.51,E1,card,10,0,normal
9022,2025-08-27,10,798.41,E2,cash,30,1,medium
1504,2025-02-05,10,267.66,E2,cash,0,0,normal
1243,2025-06-21,20,329.23,E1,cash,0,0,normal
1566,2025-06-07,14,203.54,E2,cash,0,0,normal
1562,2025-01-13,20,185.0,E3,card,0,0,normal
1686,2025-03-22,21,228.53,E1,card,0,0,normal
1189,2025-08-10,12,218.08,E2,card,0,0,normal
1782,2025-08-11,15,319.58,E2,cash,0,0,normal
1699,2025-04-24,11,100.67,E1,card,0,0,normal
1475,2025-04-24,16,165.6,E3,cash,0,0,normal
1681,2025-04-05,18,247.51,E3,cash,5,0,normal
1510,2025-05-24,17,127.85,E2,card,5,0,normal
1058,2025-03-14,21,379.98,E1,card,0,0,normal
1474,2025-01-24,12,200.73,E3,card,0,0,normal
1560,2025-02-21,18,314.1,E3,card,5,0,normal
1747,2025-05-20,11,359.98,E3,card,0,0,normal
1252,2025-06-29,19,440.42,E3,card,10,0,normal
1021,2025-02-22,21,394.11,E2,card,0,0,normal
1313,2025-05-27,18,329.63,E2,cash,0,0,normal
1459,2025-08-01,16,385.87,E1,card,0,0,normal
1160,2025-08-02,13,230.09,E2,card,0,0,normal
1276,2025-05-09,17,212.89,E3,card,0,0,normal
1191,2025-05-31,15,199.0,E3,cash,10,0,normal
1385,2025-06-12,13,204.31,E1,card,5,0,normal
9005,2025-07-03,4,1048.03,E3,cash,60,1,hard
1413,2025-02-07,10,265.39,E3,card,0,0,normal
1491,2025-06-25,18,344.12,E1,cash,0,0,normal
1343,2025-03-01,10,457.7,E2,card,0,0,normal
1769,2025-08-01,10,255.9,E3,cash,5,0,normal
1308,2025-04-03,10,169.55,E2,cash,0,0,normal
1661,2025-06-27,19,45.53,E1,cash,0,0,normal
1130,2025-08-24,20,253.89,E3,cash,0,0,normal
1663,2025-05-04,11,89.92,E1,card,5,0,normal
1099,2025-01-14,15,204.67,E2,card,5,0,normal
1372,2025-03-25,15,213.82,E1,card,0,0,normal
1087,2025-04-16,13,170.52,E1,card,0,0,normal
1458,2025-07-10,17,278.51,E1,card,5,0,normal
1330,2025-08-08,19,302.9,E3,cash,0,0,normal
1214,2025-03-25,17,290.02,E1,card,0,0,normal
1466,2025-01-25,18,198.9,E1,card,0,0,normal
1121,2025-06-06,15,247.21,E3,card,0,0,normal
1614,2025-07-04,10,198.95,E3,card,0,0,normal
1020,2025-05-30,15,319.12,E2,card,0,0,normal
1700,2025-08-25,16,138.28,E3,cash,0,0,normal
1071,2025-04-21,15,234.53,E1,card,5,0,normal
1106,2025-07-09,12,306.83,E2,card,0,0,normal
1270,2025-08-08,17,131.99,E2,card,0,0,normal
1435,2025-07-11,12,264.71,E3,card,0,0,normal
1102,2025-01-15,10,296.37,E1,card,0,0,normal
