invoice_id,date,hour,amount,employee,payment,discount_pct,is_fraud,fraud_level,is_cash,off_hours,amount_zscore,anomaly_score,flagged
1695,2025-04-15,14,249.77,E3,cash,5,0,normal,1,0,-0.11433400635461888,1,0
9016,2025-07-31,13,699.99,E2,cash,30,1,medium,1,0,1.6332305239201992,-1,1
1030,2025-01-21,16,365.61,E3,cash,0,0,normal,1,0,0.41221128468887336,1,0
1599,2025-01-16,10,183.1,E3,cash,10,0,normal,1,0,-0.41737936679893545,1,0
1096,2025-07-21,18,352.44,E1,cash,0,0,normal,1,0,1.0944995849461925,1,0
1244,2025-06-01,11,382.83,E1,card,5,0,normal,0,0,1.4244851277591337,1,0
1558,2025-02-24,12,200.84,E3,card,0,0,normal,0,0,-0.33674302820163265,1,0
1352,2025-01-09,17,206.71,E3,card,0,0,normal,0,0,-0.3100612183050054,1,0
1464,2025-05-08,16,342.6,E2,card,0,0,normal,0,0,0.10950272264728098,1,0
1543,2025-01-08,20,323.19,E3,card,0,0,normal,0,0,0.2193931627442519,1,0
1447,2025-08-21,14,321.66,E1,card,0,0,normal,0,0,0.760279281958949,1,0
1254,2025-03-03,14,444.03,E3,card,0,0,normal,0,0,0.7686657194577843,1,0
1250,2025-08-04,11,296.63,E2,cash,0,0,normal,1,0,-0.08648979819693989,1,0
1065,2025-01-09,11,315.66,E3,cash,0,0,normal,1,0,0.18516590064517144,1,0
1668,2025-06-20,21,252.68,E1,card,5,0,normal,0,0,0.011269649078504794,1,0
1215,2025-01-30,10,160.42,E1,card,0,0,normal,0,0,-0.9905225911295233,1,0
1039,2025-02-28,16,201.9,E2,card,5,0,normal,0,0,-0.4903699700388592,1,0
1192,2025-08-19,21,354.71,E1,cash,5,0,normal,1,0,1.119148060832516,1,0
1086,2025-02-23,21,227.94,E1,cash,10,0,normal,1,0,-0.25736616300415965,1,0
1493,2025-08-09,14,272.64,E1,card,0,0,normal,0,0,0.2280025031274124,1,0
1670,2025-01-12,16,265.66,E2,card,0,0,normal,0,0,-0.2185300063880539,1,0
1196,2025-01-29,11,286.25,E1,card,0,0,normal,0,0,0.3757847748511418,1,0
1209,2025-05-14,12,129.29,E3,card,0,0,normal,0,0,-0.6619701999399085,1,0
1212,2025-04-18,13,116.19,E1,card,0,0,normal,0,0,-1.4707878283330902,1,0
1738,2025-03-25,17,397.5,E2,card,10,0,normal,0,0,0.34356818695765107,1,0
1275,2025-08-13,10,181.63,E3,cash,0,0,normal,1,0,-0.4240611829059273,1,0
1120,2025-02-10,10,195.58,E3,cash,0,0,normal,1,0,-0.36065211168651495,1,0
1292,2025-02-07,12,368.52,E1,cash,5,0,normal,1,0,1.2691020044405028,1,0
1139,2025-02-02,16,255.73,E2,card,0,0,normal,0,0,-0.2608664373644106,1,0
1291,2025-05-25,16,111.08,E3,card,0,0,normal,0,0,-0.7447429015101951,1,0
9036,2025-01-11,21,455.06,E2,cash,15,1,soft,1,0,0.5889745280451723,-1,1
1063,2025-03-01,13,325.25,E1,card,0,0,normal,0,0,0.7992607922813726,1,0
1618,2025-03-10,21,407.43,E1,cash,0,0,normal,1,0,1.691600769522818,1,0
1066,2025-03-31,18,230.37,E2,card,0,0,normal,0,0,-0.36898848062326284,1,0
1533,2025-02-18,19,340.17,E3,card,0,0,normal,0,0,0.29657495695970865,1,0
1518,2025-03-07,12,259.94,E3,card,0,0,normal,0,0,-0.06810674798175709,1,0
1334,2025-05-31,13,376.41,E2,card,0,0,normal,0,0,0.2536512353673833,1,0
1328,2025-05-09,21,235.29,E3,cash,10,0,normal,1,0,-0.1801521677350555,1,0
1239,2025-06-14,17,299.73,E2,cash,0,0,normal,1,0,-0.07327298691529777,1,0
1417,2025-07-01,18,279.26,E2,card,5,0,normal,0,0,-0.16054657624923738,1,0
1651,2025-01-24,11,337.85,E1,cash,0,0,normal,1,0,0.9360761209896012,1,0
1650,2025-01-16,10,238.86,E2,cash,0,0,normal,1,0,-0.33279147166160444,1,0
1067,2025-02-22,10,339.63,E1,cash,0,0,normal,1,0,0.9554040007594935,1,0
1405,2025-07-23,14,246.88,E2,card,0,0,normal,0,0,-0.2985983018297435,1,0
1630,2025-02-08,21,188.18,E2,cash,5,0,normal,1,0,-0.5488650186789007,1,0
1477,2025-06-24,15,192.13,E1,cash,0,0,normal,1,0,-0.6462040138804818,1,0
1023,2025-03-29,21,243.18,E2,cash,0,0,normal,1,0,-0.31437320561750975,1,0
1311,2025-07-06,19,101.88,E3,cash,0,0,normal,1,0,-0.7865610703430691,1,0
1621,2025-08-26,10,142.58,E1,card,0,0,normal,0,0,-1.1842357232053005,1,0
1545,2025-03-01,21,202.25,E2,cash,0,0,normal,1,0,-0.4888777494102867,1,0
1286,2025-03-09,11,335.71,E1,cash,0,0,normal,1,0,0.9128392318280445,1,0
1722,2025-05-31,13,142.62,E3,card,0,0,normal,0,0,-0.6013793096635812,1,0
1698,2025-02-27,16,277.21,E3,card,0,0,normal,0,0,0.010393227642561802,1,0
1557,2025-04-09,15,209.49,E3,cash,0,0,normal,1,0,-0.29742485859246304,1,0
1512,2025-07-23,14,237.08,E2,cash,0,0,normal,1,0,-0.34038047942977306,1,0
1659,2025-06-01,12,201.17,E2,cash,5,0,normal,1,0,-0.4934823159213104,1,0
1431,2025-02-17,18,275.03,E1,card,0,0,normal,0,0,0.2539539821442905,1,0
1211,2025-01-28,14,304.55,E1,cash,0,0,normal,1,0,0.5744927522607117,1,0
1361,2025-02-23,17,260.85,E2,cash,5,0,normal,1,0,-0.2390373813121501,1,0
1549,2025-04-13,17,27.83,E1,card,0,0,normal,0,0,-2.430232466798095,1,0
1078,2025-07-25,17,275.83,E1,cash,0,0,normal,1,0,0.262640669681321,1,0
9026,2025-06-06,17,730.25,E2,cash,30,1,medium,1,0,1.7622436559790662,-1,1
9006,2025-08-05,2,1003.86,E2,cash,40,1,hard,1,1,2.928776473646833,-1,1
1589,2025-02-03,18,373.69,E3,card,0,0,normal,0,0,0.4489385460116583,1,0
9027,2025-02-23,12,592.26,E2,cash,30,1,medium,1,0,1.1739250144455873,-1,1
1368,2025-07-19,15,245.35,E3,card,0,0,normal,0,0,-0.1344249092069345,1,0
1137,2025-06-12,10,307.42,E1,cash,0,0,normal,1,0,0.6056562437998083,1,0
1316,2025-05-27,18,171.34,E3,cash,0,0,normal,1,0,-0.47083389565487005,1,0
1294,2025-03-10,20,170.06,E1,card,0,0,normal,0,0,-0.8858480063083072,1,0
1155,2025-08-04,10,194.65,E3,cash,10,0,normal,1,0,-0.3648793831011425,1,0
1750,2025-05-27,18,390.74,E3,cash,0,0,normal,1,0,0.5264385219464955,1,0
1462,2025-06-10,15,312.34,E2,card,5,0,normal,0,0,-0.019510409411586317,1,0
1326,2025-03-23,17,425.59,E2,cash,0,0,normal,1,0,0.46332955111936863,1,0
1049,2025-02-20,15,5.88,E3,card,0,0,normal,0,0,-1.2229245712078416,1,0
1796,2025-08-24,11,197.49,E3,cash,0,0,normal,1,0,-0.3519702962005596,1,0
1658,2025-03-25,16,250.9,E3,card,0,0,normal,0,0,-0.1091976443131898,1,0
1569,2025-04-30,15,281.64,E3,card,5,0,normal,0,0,0.030529585026217484,1,0
1494,2025-06-19,20,322.86,E1,cash,0,0,normal,1,0,0.7733093132644945,1,0
1208,2025-07-04,19,235.45,E3,card,0,0,normal,0,0,-0.1794248952336142,1,0
9035,2025-06-04,19,499.48,E2,cash,15,1,soft,1,0,0.7783586432485721,1,0
1033,2025-02-27,21,373.12,E1,cash,0,0,normal,1,0,1.3190504577784277,1,0
1031,2025-06-10,12,312.01,E2,card,10,0,normal,0,0,-0.02091736028995459,1,0
1673,2025-06-10,18,170.76,E1,cash,0,0,normal,1,0,-0.8782471547134058,1,0
1457,2025-04-26,17,227.16,E3,card,0,0,normal,0,0,-0.21710670171454088,1,0
1482,2025-06-04,17,210.87,E3,card,10,0,normal,0,0,-0.2911521332675319,1,0
1759,2025-03-24,14,226.97,E2,card,0,0,normal,0,0,-0.383484338157967,1,0
1429,2025-07-16,17,150.1,E2,card,5,0,normal,0,0,-0.7112186230675874,1,0
1453,2025-04-05,18,287.98,E2,cash,0,0,normal,1,0,-0.12336896516023128,1,0
1109,2025-07-27,12,96.21,E2,card,0,0,normal,0,0,-0.9409779649926485,1,0
1072,2025-07-07,12,247.82,E1,card,0,0,normal,0,0,-0.04150197770895488,1,0
1077,2025-02-04,19,231.93,E2,cash,0,0,normal,1,0,-0.3623374401073397,1,0
1620,2025-04-04,14,291.18,E2,card,5,0,normal,0,0,-0.10972580512756858,1,0
1534,2025-06-29,20,138.57,E3,card,0,0,normal,0,0,-0.6197883948563138,1,0
1666,2025-07-08,16,238.67,E3,cash,0,0,normal,1,0,-0.1647885361421083,1,0
1198,2025-01-13,20,145.31,E1,cash,0,0,normal,1,0,-1.1545924019851843,1,0
1784,2025-05-13,17,170.89,E3,cash,0,0,normal,1,0,-0.47287934956517375,1,0
1748,2025-07-08,18,153.59,E2,card,5,0,normal,0,0,-0.6963390516569645,1,0
1281,2025-06-21,15,225.27,E3,card,0,0,normal,0,0,-0.22569760813781603,1,0
1792,2025-03-17,19,314.62,E2,cash,0,0,normal,1,0,-0.009789657888313983,1,0
1439,2025-08-08,21,255.68,E1,cash,0,0,normal,1,0,0.043844727342368696,1,0
1742,2025-05-21,11,324.43,E3,cash,0,0,normal,1,0,0.22502952463042192,1,0
1259,2025-05-10,21,208.57,E2,cash,0,0,normal,1,0,-0.4619325083457778,1,0
1346,2025-05-09,14,263.43,E1,card,0,0,normal,0,0,0.12799701285735046,1,0
1786,2025-08-03,21,244.3,E1,cash,0,0,normal,1,0,-0.07972340287188832,1,0
1635,2025-01-23,16,358.53,E2,card,10,0,normal,0,0,0.17742007868488,1,0
1755,2025-07-25,19,171.25,E3,card,0,0,normal,0,0,-0.4712429864369308,1,0
1005,2025-03-13,19,261.96,E2,cash,5,0,normal,1,0,-0.2343049101758204,1,0
1054,2025-08-17,14,341.7,E1,card,5,0,normal,0,0,0.9778808047615595,1,0
1788,2025-08-23,14,299.06,E2,card,0,0,normal,0,0,-0.07612952354713659,1,0
1603,2025-07-10,20,288.28,E1,card,10,0,normal,0,0,0.3978272444763561,1,0
1363,2025-06-10,11,211.54,E1,cash,0,0,normal,1,0,-0.4354432575132824,1,0
1615,2025-01-29,20,214.95,E3,card,0,0,normal,0,0,-0.2726066844807792,1,0
1097,2025-07-09,13,220.16,E2,card,0,0,normal,0,0,-0.41251868810247744,1,0
1799,2025-01-07,20,-2.56,E2,card,0,0,normal,0,0,-1.3620826263758046,1,0
1076,2025-06-24,21,177.46,E1,card,5,0,normal,0,0,-0.8054961465907762,1,0
1448,2025-02-06,14,292.93,E1,card,0,0,normal,0,0,0.4483186157853455,1,0
1694,2025-04-25,13,221.13,E3,cash,0,0,normal,1,0,-0.2445157841126094,1,0
9003,2025-07-08,4,1512.24,E2,cash,40,1,hard,1,1,5.096248254085923,-1,1
1443,2025-04-27,14,169.4,E2,card,0,0,normal,0,0,-0.6289333141205902,1,0
1567,2025-05-27,19,333.86,E1,card,0,0,normal,0,0,0.8927512668986621,1,0
1450,2025-04-03,20,272.27,E1,cash,10,0,normal,1,0,0.22398491014153582,1,0
1479,2025-05-31,12,317.74,E1,card,0,0,normal,0,0,0.7177145130275,1,0
1084,2025-01-02,17,106.78,E3,card,5,0,normal,0,0,-0.7642883499864296,1,0
1010,2025-07-30,12,276.8,E1,card,5,0,normal,0,0,0.2731732783199706,1,0
1168,2025-05-11,19,296.68,E2,card,0,0,normal,0,0,-0.08627662382142949,1,0
1110,2025-08-25,14,265.27,E2,card,10,0,normal,0,0,-0.22019276651703484,1,0
1300,2025-08-28,12,207.13,E3,cash,0,0,normal,1,0,-0.3081521279887221,1,0
1535,2025-06-19,21,252.24,E1,card,0,0,normal,0,0,0.0064919709331381125,1,0
1227,2025-07-09,20,326.14,E2,card,0,0,normal,0,0,0.03932571822927182,1,0
1757,2025-05-08,11,143.73,E1,cash,5,0,normal,1,0,-1.1717486098708196,1,0
1342,2025-04-22,18,392.56,E2,card,0,0,normal,0,0,0.322506558657228,1,0
1118,2025-05-04,16,115.56,E3,card,10,0,normal,0,0,-0.7243792714698389,1,0
1514,2025-08-03,21,74.4,E1,cash,0,0,normal,1,0,-1.9245586685487142,1,0
9000,2025-07-25,4,1701.66,E2,cash,60,1,hard,1,1,5.903838058269353,-1,1
1029,2025-07-07,12,254.03,E2,cash,0,0,normal,1,0,-0.26811436613176265,1,0
1296,2025-04-08,11,189.48,E2,cash,5,0,normal,1,0,-0.5433224849156315,1,0
1357,2025-07-27,12,276.37,E2,card,5,0,normal,0,0,-0.17286805515373585,1,0
1693,2025-06-11,13,296.12,E1,cash,0,0,normal,1,0,0.4829567823392541,1,0
1314,2025-03-31,10,274.14,E3,card,0,0,normal,0,0,-0.003561313478842872,1,0
1081,2025-02-19,17,223.02,E1,card,10,0,normal,0,0,-0.3107892913568963,1,0
1375,2025-08-05,11,262.69,E3,card,10,0,normal,0,0,-0.05560675186323496,1,0
1467,2025-08-22,10,288.9,E1,card,0,0,normal,0,0,0.4045594273175547,1,0
1529,2025-05-30,15,274.6,E1,cash,0,0,normal,1,0,0.24928488759313722,1,0
1204,2025-03-07,10,216.68,E2,cash,0,0,normal,1,0,-0.4273556246379981,1,0
1746,2025-04-10,17,240.45,E3,card,10,0,normal,0,0,-0.15669762956357397,1,0
1333,2025-06-27,15,132.58,E3,cash,0,0,normal,1,0,-0.6470156591290219,1,0
1675,2025-03-15,12,245.24,E1,card,0,0,normal,0,0,-0.06951654501587766,1,0
1434,2025-02-04,12,175.4,E3,card,0,0,normal,0,0,-0.45237935593079737,1,0
1360,2025-06-01,13,255.75,E3,card,0,0,normal,0,0,-0.0871521966132508,1,0
1210,2025-01-28,10,121.65,E3,card,5,0,normal,0,0,-0.6966974618837299,1,0
1247,2025-04-28,12,234.53,E1,card,5,0,normal,0,0,-0.18580957441787188,1,0
1765,2025-05-20,13,259.97,E2,cash,0,0,normal,1,0,-0.24278925032113233,1,0
1007,2025-01-21,14,239.35,E3,cash,0,0,normal,1,0,-0.1616976280109828,1,0
1793,2025-01-09,14,400.8,E2,cash,0,0,normal,1,0,0.3576376957413346,1,0
1299,2025-05-19,12,306.03,E2,card,0,0,normal,0,0,-0.046413015600993174,1,0
1101,2025-02-17,18,240.64,E2,card,5,0,normal,0,0,-0.3252024638934359,1,0
1344,2025-04-23,14,221.05,E1,card,0,0,normal,0,0,-0.3321802594168336,1,0
1350,2025-02-06,13,404.42,E1,card,0,0,normal,0,0,1.658917107664741,1,0
1440,2025-06-07,17,279.64,E1,cash,5,0,normal,1,0,0.3040110190764282,1,0
1420,2025-01-27,15,225.65,E3,card,5,0,normal,0,0,-0.223970335946893,1,0
1002,2025-04-03,18,270.74,E1,cash,0,0,normal,1,0,0.20737162022696554,1,0
1174,2025-01-27,20,431.84,E3,card,0,0,normal,0,0,0.7132566457542261,1,0
1623,2025-07-16,10,205.56,E2,cash,0,0,normal,1,0,-0.4747656057515012,1,0
1422,2025-01-21,12,261.64,E1,card,0,0,normal,0,0,0.10856054949324477,1,0
1687,2025-03-31,17,179.89,E3,card,0,0,normal,0,0,-0.4319702713591013,1,0
1218,2025-05-08,21,276.68,E2,cash,0,0,normal,1,0,-0.17154637402557166,1,0
1706,2025-01-21,12,175.44,E1,cash,0,0,normal,1,0,-0.8274300326217779,1,0
1798,2025-08-18,15,123.98,E2,card,5,0,normal,0,0,-0.822580916834197,1,0
1536,2025-03-11,19,188.62,E2,cash,0,0,normal,1,0,-0.5469890841744096,1,0
1331,2025-07-04,18,260.36,E1,cash,5,0,normal,1,0,0.09466184943399647,1,0
1362,2025-04-30,15,214.5,E1,cash,0,0,normal,1,0,-0.4033025136262699,1,0
1468,2025-08-11,10,147.21,E1,card,10,0,normal,0,0,-1.1339615190847372,-1,0
1426,2025-04-21,21,124.22,E2,card,0,0,normal,0,0,-0.8215576798317473,1,0
1306,2025-03-11,16,186.67,E2,cash,5,0,normal,1,0,-0.5553028848193134,1,0
1605,2025-01-22,15,310.62,E1,card,0,0,normal,0,0,0.6404029939479297,1,0
1079,2025-03-22,15,62.33,E3,card,0,0,normal,0,0,-0.9663337417930874,1,0
1148,2025-03-13,16,246.25,E3,cash,0,0,normal,1,0,-0.13033400138632725,1,0
1773,2025-05-24,19,176.43,E3,card,0,0,normal,0,0,-0.44769753920276906,1,0
1611,2025-06-28,14,243.26,E3,card,0,0,normal,0,0,-0.14392490625701135,1,0
1775,2025-02-08,16,205.56,E1,card,0,0,normal,0,0,-0.5003762468525843,1,0
1672,2025-03-06,10,172.48,E1,cash,0,0,normal,1,0,-0.8595707765087904,1,0
1382,2025-03-23,15,322.22,E1,card,5,0,normal,0,0,0.7663599632348703,1,0
1327,2025-04-14,10,196.9,E3,card,0,0,normal,0,0,-0.35465211354962434,1,0
1622,2025-07-09,16,334.17,E2,card,0,0,normal,0,0,0.07356152293623502,1,0
1133,2025-03-04,10,327.65,E2,card,10,0,normal,0,0,0.045763584369684515,1,0
1689,2025-04-03,12,337.68,E1,cash,0,0,normal,1,0,0.9342301998879821,1,0
1231,2025-08-21,16,241.93,E2,cash,0,0,normal,1,0,-0.31970256500526867,1,0
1538,2025-02-23,11,111.72,E2,card,5,0,normal,0,0,-0.8748512737093361,1,0
1055,2025-02-20,15,245.49,E2,card,5,0,normal,0,0,-0.3045245494689313,1,0
1539,2025-08-23,18,142.84,E3,cash,5,0,normal,1,0,-0.6003793099740994,1,0
1634,2025-04-11,10,289.85,E1,card,5,0,normal,0,0,0.41487486876777874,1,0
1527,2025-07-09,19,321.04,E2,cash,5,0,normal,1,0,0.017581931927215716,1,0
1594,2025-03-30,16,299.37,E2,card,0,0,normal,0,0,-0.07480784241897238,1,0
1655,2025-05-08,10,360.5,E2,card,0,0,normal,0,0,0.18581914907998812,1,0
1579,2025-03-03,14,306.94,E1,cash,0,0,normal,1,0,0.6004442312775898,1,0
1768,2025-05-03,11,222.43,E3,cash,0,0,normal,1,0,-0.2386066950383989,1,0
1213,2025-02-13,19,278.48,E3,card,0,0,normal,0,0,0.016165953122752198,1,0
1656,2025-06-09,17,238.93,E1,card,0,0,normal,0,0,-0.13803279296420476,1,0
1578,2025-04-27,18,216.36,E3,card,5,0,normal,0,0,-0.2661975955618277,1,0
1060,2025-01-18,13,265.79,E2,card,0,0,normal,0,0,-0.217975753011727,1,0
1199,2025-06-09,12,480.77,E3,card,0,0,normal,0,0,0.9356656676012399,1,0
1601,2025-08-19,20,204.34,E1,cash,5,0,normal,1,0,-0.5136234453465556,1,0
1465,2025-01-18,10,301.28,E2,cash,0,0,normal,1,0,-0.06666458127447694,1,0
1580,2025-01-23,18,254.41,E3,card,0,0,normal,0,0,-0.0932431038128216,1,0
9001,2025-05-07,23,1255.88,E2,cash,40,1,hard,1,1,4.003260595969229,-1,1
1552,2025-04-19,19,382.85,E2,cash,5,0,normal,1,0,0.28110809493311706,1,0
1678,2025-01-29,20,159.05,E2,cash,0,0,normal,1,0,-0.6730604098512337,1,0
1393,2025-05-22,19,335.34,E1,cash,10,0,normal,1,0,0.9088216388421679,1,0
1266,2025-07-06,19,301.41,E2,cash,5,0,normal,1,0,-0.06611032789814979,1,0
1367,2025-04-23,13,140.29,E3,card,0,0,normal,0,0,-0.61197021546582,1,0
9017,2025-06-21,12,535.87,E2,cash,25,1,medium,1,0,0.9335069537450086,-1,1
1756,2025-08-11,19,212.54,E3,card,0,0,normal,0,0,-0.28356122653373855,1,0
1090,2025-08-09,19,274.66,E2,cash,0,0,normal,1,0,-0.1801586187961899,1,0
1787,2025-08-09,18,454.38,E3,cash,5,0,normal,1,0,0.8157111593947676,1,0
1181,2025-07-24,20,139.76,E1,cash,10,0,normal,1,0,-1.2148562967733327,1,0
1433,2025-01-04,21,319.27,E2,card,0,0,normal,0,0,0.010035559034148971,1,0
1740,2025-08-05,16,270.78,E2,card,0,0,normal,0,0,-0.19670095033579374,1,0
1541,2025-04-11,17,105.02,E1,card,0,0,normal,0,0,-1.5920757030688766,1,0
1158,2025-06-21,10,160.79,E3,card,0,0,normal,0,0,-0.5187884262186551,1,0
1069,2025-03-25,14,248.21,E3,card,0,0,normal,0,0,-0.12142491324367144,1,0
1323,2025-06-17,15,223.04,E2,card,5,0,normal,0,0,-0.400239844073081,1,0
1131,2025-05-16,20,342.74,E1,cash,0,0,normal,1,0,0.9891734985596993,1,0
1044,2025-01-15,21,232.65,E1,cash,0,0,normal,1,0,-0.2062232901298932,1,0
1649,2025-01-04,21,225.18,E2,card,10,0,normal,0,0,-0.3911159808012377,1,0
1070,2025-04-02,15,307.68,E3,card,5,0,normal,0,0,0.14889318463578713,1,0
1444,2025-01-06,21,198.99,E3,card,0,0,normal,0,0,-0.3451521164995475,1,0
1662,2025-06-12,12,153.1,E1,cash,0,0,normal,1,0,-1.0700057820933513,1,0
1671,2025-03-08,17,272.12,E1,card,5,0,normal,0,0,0.22235615622834287,1,0
1265,2025-03-22,18,67.6,E2,card,0,0,normal,0,0,-1.0629563426596738,1,0
1135,2025-03-22,18,431.52,E3,card,0,0,normal,0,0,0.7118021007513436,1,0
1082,2025-04-14,21,290.91,E3,cash,0,0,normal,1,0,0.07266593557847226,1,0
1165,2025-04-11,21,214.1,E1,cash,0,0,normal,1,0,-0.40764585739478515,1,0
1164,2025-08-15,11,143.31,E3,cash,0,0,normal,1,0,-0.5982429470011156,1,0
1028,2025-07-11,19,171.83,E2,cash,0,0,normal,1,0,-0.6185730394707869,1,0
1432,2025-05-27,11,255.2,E2,card,0,0,normal,0,0,-0.2631260857448204,1,0
1193,2025-08-25,11,166.36,E3,cash,5,0,normal,1,0,-0.49347025226223007,1,0
1260,2025-05-11,19,405.9,E3,card,5,0,normal,0,0,0.5953475914580574,1,0
1544,2025-02-22,21,290.41,E3,cash,0,0,normal,1,0,0.07039320901146823,1,0
1778,2025-02-11,15,282.5,E1,card,0,0,normal,0,0,0.33506592702131194,1,0
1136,2025-05-16,12,286.85,E1,card,0,0,normal,0,0,0.3822997905039148,1,0
1644,2025-07-05,10,302.94,E2,card,5,0,normal,0,0,-0.059587192007533034,1,0
1329,2025-01-11,12,146.93,E2,card,5,0,normal,0,0,-0.7247338784749439,1,0
1140,2025-05-03,15,192.59,E1,card,0,0,normal,0,0,-0.6412091685466893,1,0
1559,2025-06-17,17,338.3,E1,card,0,0,normal,0,0,0.9409623827291806,1,0
1006,2025-07-08,11,296.79,E3,card,0,0,normal,0,0,0.09939320000643956,1,0
1548,2025-01-05,14,252.35,E2,card,0,0,normal,0,0,-0.2752770251489106,1,0
1595,2025-08-20,11,166.98,E3,card,5,0,normal,0,0,-0.49065207131914523,1,0
1235,2025-07-19,17,258.24,E2,card,0,0,normal,0,0,-0.2501650837137907,1,0
1593,2025-02-17,11,326.9,E3,cash,10,0,normal,1,0,0.23625679387142168,1,0
1073,2025-07-18,16,200.03,E1,cash,10,0,normal,1,0,-0.5604229744523068,1,0
1583,2025-05-20,18,109.36,E2,cash,5,0,normal,1,0,-0.8849131042334248,1,0
1734,2025-01-30,21,288.98,E3,cash,0,0,normal,1,0,0.0638932110298367,1,0
1396,2025-05-28,20,349.83,E3,card,0,0,normal,0,0,0.34048403423422624,1,0
1145,2025-01-28,15,193.34,E3,cash,0,0,normal,1,0,-0.370833926706693,1,0
1423,2025-01-30,10,284.2,E1,card,0,0,normal,0,0,0.35352513803750135,1,0
1234,2025-07-17,15,342.08,E1,cash,0,0,normal,1,0,0.9820069813416489,1,0
1220,2025-08-05,17,239.29,E1,cash,5,0,normal,1,0,-0.13412378357254126,1,0
1319,2025-07-18,12,388.39,E2,cash,0,0,normal,1,0,0.3047278157396643,1,0
1336,2025-08-10,11,295.34,E1,cash,0,0,normal,1,0,0.47448726199064917,1,0
1132,2025-08-04,10,263.62,E3,cash,0,0,normal,1,0,-0.05137948044860745,1,0
1398,2025-05-16,20,355.44,E2,cash,0,0,normal,1,0,0.16424590227834013,1,0
9020,2025-03-16,14,741.23,E2,cash,25,1,medium,1,0,1.8090567488411404,-1,1
1451,2025-02-15,19,452.54,E2,card,0,0,normal,0,0,0.5782305395194504,1,0
1041,2025-08-08,12,224.85,E1,cash,0,0,normal,1,0,-0.2909184936159395,1,0
1735,2025-01-17,17,356.83,E1,card,5,0,normal,0,0,1.1421677828056465,1,0
1108,2025-08-01,11,259.78,E1,cash,0,0,normal,1,0,0.088364000969649,1,0
1365,2025-04-26,21,293.55,E2,card,10,0,normal,0,0,-0.09962133972837772,1,0
1056,2025-05-15,14,22.36,E2,card,0,0,normal,0,0,-1.2558365176214432,1,0
1411,2025-08-26,11,252.97,E3,cash,0,0,normal,1,0,-0.09978855632579317,1,0
1486,2025-01-17,13,81.86,E2,cash,0,0,normal,1,0,-1.0021590107641203,1,0
9038,2025-04-08,12,400.6,E2,cash,15,1,soft,1,0,0.3567849982392932,1,0
1024,2025-08-24,15,222.3,E3,card,5,0,normal,0,0,-0.23919760394581993,1,0
1302,2025-04-07,16,399.4,E3,cash,5,0,normal,1,0,0.5658021460870051,1,0
1388,2025-06-18,10,331.13,E1,cash,10,0,normal,1,0,0.8631079456785458,1,0
1377,2025-06-02,17,339.13,E2,card,10,0,normal,0,0,0.09470842098686219,1,0
1051,2025-02-24,15,366.77,E3,cash,0,0,normal,1,0,0.41748401032432253,1,0
1351,2025-06-09,20,319.47,E2,card,5,0,normal,0,0,0.010888256536190587,1,0
1770,2025-08-16,14,348.12,E3,card,0,0,normal,0,0,0.33271130937507254,1,0
1264,2025-07-03,20,218.19,E1,cash,0,0,normal,1,0,-0.36323516736171735,1,0
1741,2025-03-27,10,271.28,E1,card,5,0,normal,0,0,0.21323513431446064,1,0
1582,2025-05-17,13,131.89,E1,card,0,0,normal,0,0,-1.3003115854188692,1,0
1424,2025-04-07,14,140.44,E3,cash,0,0,normal,1,0,-0.6112883974957187,1,0
1588,2025-08-27,13,308.13,E3,card,0,0,normal,0,0,0.1509386385460907,1,0
1018,2025-06-01,13,155.87,E1,card,0,0,normal,0,0,-1.0399281264963833,1,0
1616,2025-07-25,15,373.25,E2,card,0,0,normal,0,0,0.24017861483512873,1,0
1290,2025-05-03,12,391.18,E1,card,0,0,normal,0,0,1.5151524289268883,1,0
1083,2025-05-12,14,316.96,E2,cash,5,0,normal,1,0,0.0001869028855705426,1,0
1061,2025-05-12,12,374.97,E1,card,0,0,normal,0,0,1.3391384227078107,1,0
1490,2025-02-12,15,101.58,E1,cash,0,0,normal,1,0,-1.6294284594781072,1,0
1285,2025-06-09,17,392.22,E1,card,5,0,normal,0,0,1.5264451227250282,1,0
1309,2025-01-03,16,237.44,E1,card,5,0,normal,0,0,-0.15421174850192393,1,0
1404,2025-06-25,19,222.73,E1,card,10,0,normal,0,0,-0.31393821558907004,1,0
9004,2025-04-10,23,1277.0,E2,cash,50,1,hard,1,1,4.0933054521848025,-1,1
1182,2025-06-28,18,258.01,E1,cash,0,0,normal,1,0,0.06914470479396949,1,0
1332,2025-08-05,14,183.22,E1,card,0,0,normal,0,0,-0.7429519963241575,1,0
1525,2025-07-05,13,205.06,E1,card,10,0,normal,0,0,-0.5058054265632284,1,0
1223,2025-08-13,15,395.69,E1,card,5,0,normal,0,0,1.564123629916897,1,0
1522,2025-03-27,20,109.96,E2,card,0,0,normal,0,0,-0.8823550117273008,1,0
1497,2025-02-19,13,392.29,E3,cash,5,0,normal,1,0,0.533483974304208,1,0
1338,2025-04-09,17,313.65,E3,cash,10,0,normal,1,0,0.17602953984581504,1,0
1381,2025-04-20,14,149.95,E1,cash,0,0,normal,1,0,-1.1042096142704083,1,0
1470,2025-02-27,11,295.25,E1,card,0,0,normal,0,0,0.47351000964273354,1,0
1519,2025-02-01,13,284.02,E3,cash,0,0,normal,1,0,0.04134776348515661,1,0
1176,2025-07-26,21,96.54,E3,cash,5,0,normal,1,0,-0.810833790078672,1,0
1570,2025-03-04,16,335.57,E1,card,0,0,normal,0,0,0.9113190615090643,1,0
1767,2025-06-29,15,219.5,E3,card,5,0,normal,0,0,-0.2519248727210425,1,0
1163,2025-07-12,17,228.73,E1,cash,0,0,normal,1,0,-0.24878805906134224,1,0
1248,2025-06-09,14,263.16,E3,card,5,0,normal,0,0,-0.053470388890251054,1,0
1542,2025-08-13,21,200.43,E1,card,0,0,normal,0,0,-0.5560796306837915,1,0
1743,2025-07-06,12,321.8,E3,card,5,0,normal,0,0,0.21307498288798077,1,0
1074,2025-06-21,18,105.51,E1,card,10,0,normal,0,0,-1.5867551069524453,-1,0
1501,2025-03-01,14,437.2,E3,card,5,0,normal,0,0,0.7376202745525093,1,0
1499,2025-06-01,11,140.0,E1,cash,0,0,normal,1,0,-1.2122502905122234,1,0
1104,2025-07-25,13,258.69,E1,card,0,0,normal,0,0,0.07652838920044538,1,0
1114,2025-01-24,17,374.04,E3,card,0,0,normal,0,0,0.4505294546085612,1,0
1412,2025-06-07,13,103.24,E3,card,0,0,normal,0,0,-0.7803792540808181,1,0
1092,2025-05-26,11,271.91,E1,card,0,0,normal,0,0,0.22007590074987263,1,0
1436,2025-02-18,10,185.48,E2,card,0,0,normal,0,0,-0.56037643495646,1,0
1089,2025-02-23,17,322.17,E2,card,0,0,normal,0,0,0.02239967281374973,1,0
1456,2025-08-13,11,316.58,E2,cash,0,0,normal,1,0,-0.001433222368308139,1,0
1771,2025-02-22,18,122.11,E1,cash,0,0,normal,1,0,-1.4065063405590654,1,0
1781,2025-05-22,18,131.98,E3,card,0,0,normal,0,0,-0.6497429310094268,1,0
1516,2025-04-02,20,175.75,E2,card,0,0,normal,0,0,-0.601860168430775,1,0
1521,2025-07-10,19,297.05,E1,cash,0,0,normal,1,0,0.493055056601052,1,0
1094,2025-02-13,21,241.26,E2,cash,0,0,normal,1,0,-0.3225591016371075,1,0
1011,2025-08-03,17,95.24,E1,cash,0,0,normal,1,0,-1.6982704582090733,1,0
1551,2025-01-06,17,43.54,E3,cash,0,0,normal,1,0,-1.0517428061810985,1,0
1043,2025-07-27,18,197.15,E2,card,10,0,normal,0,0,-0.5106215357123429,1,0
1042,2025-07-07,21,282.18,E1,cash,0,0,normal,1,0,0.33159125200649986,1,0
1167,2025-07-25,16,310.91,E3,card,0,0,normal,0,0,0.1635749982586332,1,0
1736,2025-04-23,10,161.16,E1,cash,0,0,normal,1,0,-0.9824874051577702,1,0
1669,2025-04-11,11,173.68,E1,cash,0,0,normal,1,0,-0.8465407452032447,1,0
1705,2025-08-05,14,217.2,E3,cash,0,0,normal,1,0,-0.2623794149292611,1,0
1708,2025-05-18,13,405.69,E3,cash,0,0,normal,1,0,0.5943930462999159,1,0
1178,2025-03-31,15,352.29,E2,card,5,0,normal,0,0,0.15081591662118785,1,0
1554,2025-04-26,21,409.68,E1,card,0,0,normal,0,0,1.716032078220716,1,0
1643,2025-05-27,11,263.74,E2,cash,0,0,normal,1,0,-0.2267159024076516,1,0
1177,2025-01-15,10,374.46,E3,card,0,0,normal,0,0,0.4524385449248444,1,0
1679,2025-05-21,17,243.95,E1,card,0,0,normal,0,0,-0.08352382866933937,1,0
1584,2025-05-09,14,130.19,E2,card,0,0,normal,0,0,-0.7961046593958109,1,0
1257,2025-01-12,14,384.87,E1,card,5,0,normal,0,0,1.4466361809785613,1,0
1380,2025-05-08,21,280.82,E1,card,0,0,normal,0,0,0.3168238831935481,1,0
1335,2025-06-08,19,105.5,E3,cash,0,0,normal,1,0,-0.7701065299979599,1,0
1761,2025-05-24,15,257.3,E3,card,0,0,normal,0,0,-0.08010674425553828,1,0
1015,2025-04-27,10,155.61,E2,card,10,0,normal,0,0,-0.6877268068863461,1,0
1003,2025-01-15,11,288.91,E2,card,5,0,normal,0,0,-0.11940392177573864,1,0
1355,2025-05-27,16,295.31,E1,card,0,0,normal,0,0,0.4741615112080108,1,0
1256,2025-02-21,10,240.93,E1,cash,0,0,normal,1,0,-0.11631607412162884,1,0
1394,2025-01-21,15,338.16,E1,card,0,0,normal,0,0,0.9394422124102005,1,0
1625,2025-05-24,18,296.16,E3,card,0,0,normal,0,0,0.0965295645320145,1,0
1657,2025-08-07,16,258.48,E3,card,0,0,normal,0,0,-0.07474310955740875,1,0
1772,2025-05-31,15,290.96,E3,card,10,0,normal,0,0,0.07289320823517245,1,0
1442,2025-02-15,18,197.69,E3,card,0,0,normal,0,0,-0.35106120557375803,1,0
1760,2025-04-21,20,411.29,E1,cash,0,0,normal,1,0,1.7335140368889896,1,0
1428,2025-08-13,14,285.14,E1,card,5,0,normal,0,0,0.363731995893512,1,0
1324,2025-05-08,11,77.32,E1,cash,0,0,normal,1,0,-1.8928522590385535,1,0
1485,2025-08-06,10,333.06,E3,card,0,0,normal,0,0,0.26425678517691137,1,0
1009,2025-05-02,15,149.28,E3,card,0,0,normal,0,0,-0.5711065917910876,1,0
1249,2025-04-06,14,296.99,E3,cash,0,0,normal,1,0,0.10030229063324111,1,0
1022,2025-01-02,12,178.27,E2,card,0,0,normal,0,0,-0.5911161799050532,1,0
1356,2025-02-17,12,59.06,E3,cash,0,0,normal,1,0,-0.9811973735412937,1,0
1221,2025-08-19,14,143.99,E3,cash,0,0,normal,1,0,-0.5951520388699901,1,0
1590,2025-04-06,19,196.14,E1,cash,0,0,normal,1,0,-0.6026619926011172,1,0
1723,2025-07-09,14,229.04,E3,card,0,0,normal,0,0,-0.2085612498226058,1,0
9024,2025-03-29,13,734.1,E2,cash,20,1,medium,1,0,1.7786580828933636,-1,1
1483,2025-08-22,19,187.82,E3,card,0,0,normal,0,0,-0.3959248280064175,1,0
1340,2025-05-24,15,348.53,E3,cash,0,0,normal,1,0,0.3345749451600157,1,0
1703,2025-04-30,10,271.07,E2,cash,0,0,normal,1,0,-0.19546453895783358,1,0
1203,2025-01-28,15,143.2,E1,cash,0,0,normal,1,0,-1.177503540364102,1,0
1237,2025-05-17,17,150.34,E3,card,0,0,normal,0,0,-0.5662884114690391,1,0
1093,2025-08-06,21,333.53,E3,cash,5,0,normal,1,0,0.266393148149895,1,0
1425,2025-01-28,21,206.62,E2,card,0,0,normal,0,0,-0.47024630899068165,1,0
1383,2025-07-13,19,214.15,E3,card,10,0,normal,0,0,-0.2762430469879855,1,0
1532,2025-03-27,16,276.82,E2,cash,10,0,normal,1,0,-0.1709494857741427,1,0
1284,2025-07-17,16,252.57,E3,card,0,0,normal,0,0,-0.10160673757939642,1,0
1184,2025-04-06,16,201.17,E1,card,0,0,normal,0,0,-0.5480444447120386,1,0
1680,2025-01-12,15,324.85,E3,card,5,0,normal,0,0,0.22693861494670536,1,0
1677,2025-02-13,16,216.65,E1,cash,0,0,normal,1,0,-0.3799570408705007,1,0
1153,2025-05-31,19,280.88,E3,card,5,0,normal,0,0,0.02707504064437141,1,0
1075,2025-01-08,20,301.11,E1,cash,5,0,normal,1,0,0.5371399958514812,1,0
1685,2025-08-03,10,168.25,E2,card,0,0,normal,0,0,-0.6338363247573284,1,0
1523,2025-02-20,20,86.03,E3,card,0,0,normal,0,0,-0.8586065025170966,1,0
1277,2025-05-27,10,122.92,E2,card,0,0,normal,0,0,-0.8271002135950165,1,0
1068,2025-05-10,10,273.05,E1,card,0,0,normal,0,0,0.23245443049014075,1,0
1537,2025-01-15,17,144.3,E2,cash,0,0,normal,1,0,-0.7359468506267886,1,0
1188,2025-05-12,20,206.41,E2,cash,0,0,normal,1,0,-0.47114164136782516,1,0
1271,2025-02-23,20,357.86,E1,card,0,0,normal,0,0,1.1533518930095734,1,0
1629,2025-03-26,15,449.66,E1,card,0,0,normal,0,0,2.150149287883809,1,0
1528,2025-05-05,17,191.62,E3,cash,0,0,normal,1,0,-0.37865210609718686,1,0
1236,2025-06-04,13,125.32,E2,card,0,0,normal,0,0,-0.8168678435705196,1,0
1088,2025-01-04,19,191.63,E1,cash,0,0,normal,1,0,-0.6516331935911258,1,0
1714,2025-06-26,13,162.36,E1,cash,10,0,normal,1,0,-0.9694573738522244,1,0
1117,2025-07-07,14,351.31,E2,card,10,0,normal,0,0,0.1466376988611848,1,0
1125,2025-03-30,20,337.74,E1,card,5,0,normal,0,0,0.9348817014532594,1,0
1691,2025-07-21,17,181.56,E2,cash,0,0,normal,1,0,-0.5770893059964718,1,0
1289,2025-07-03,17,256.9,E2,cash,0,0,normal,1,0,-0.25587815697746835,1,0
1238,2025-03-03,13,332.74,E2,cash,0,0,normal,1,0,0.06746473579663884,1,0
1000,2025-04-13,17,229.75,E1,cash,0,0,normal,1,0,-0.23771253245162838,1,0
9031,2025-07-25,15,370.35,E2,cash,20,1,soft,1,0,0.22781450105552822,1,0
1409,2025-04-29,11,312.8,E1,card,0,0,normal,0,0,0.6640742174863374,1,0
1733,2025-04-15,15,172.77,E3,cash,5,0,normal,1,0,-0.4643338976732385,1,0
1395,2025-02-17,14,129.87,E3,card,0,0,normal,0,0,-0.6593338371221837,1,0
1487,2025-04-14,16,72.33,E1,card,0,0,normal,0,0,-1.9470354725507801,1,0
1495,2025-01-26,16,132.1,E1,card,0,0,normal,0,0,-1.2980313299403985,1,0
1278,2025-05-06,12,293.4,E1,cash,0,0,normal,1,0,0.4534220447133505,1,0
1653,2025-01-02,12,273.33,E1,cash,0,0,normal,1,0,0.23549477112810108,1,0
1116,2025-08-05,20,238.02,E3,card,0,0,normal,0,0,-0.16774308067921342,1,0
1228,2025-05-01,20,220.9,E3,card,0,0,normal,0,0,-0.24556123833343121,1,0
1591,2025-05-06,20,93.31,E3,card,0,0,normal,0,0,-0.825515603701518,1,0
1445,2025-04-09,12,297.55,E1,card,0,0,normal,0,0,0.49848423631169597,1,0
1696,2025-05-15,15,317.16,E3,cash,5,0,normal,1,0,0.1919840803461835,1,0
1274,2025-08-12,13,234.2,E3,card,0,0,normal,0,0,-0.18510671165112427,1,0
1318,2025-04-06,19,404.51,E1,cash,0,0,normal,1,0,1.6598943600126568,1,0
1575,2025-03-31,12,277.15,E2,card,0,0,normal,0,0,-0.16954253489577442,1,0
1144,2025-02-10,14,278.6,E2,cash,5,0,normal,1,0,-0.16336047800597392,1,0
1602,2025-07-11,21,335.55,E3,card,0,0,normal,0,0,0.2755749634805914,1,0
1531,2025-02-27,17,188.23,E2,cash,0,0,normal,1,0,-0.5486518443033904,1,0
1763,2025-03-10,14,221.49,E2,card,0,0,normal,0,0,-0.40684824971390193,1,0
1610,2025-05-24,15,131.47,E2,card,0,0,normal,0,0,-0.7906473953827458,1,0
1369,2025-06-13,15,267.69,E3,cash,5,0,normal,1,0,-0.032879486193194724,1,0
1268,2025-01-02,18,199.33,E3,card,0,0,normal,0,0,-0.3436066624339848,1,0
1727,2025-04-23,11,280.75,E2,card,5,0,normal,0,0,-0.15419397985902875,1,0
1307,2025-07-27,18,237.22,E2,card,5,0,normal,0,0,-0.33978359117834417,1,0
1310,2025-05-28,15,394.91,E2,card,0,0,normal,0,0,0.3325257543062148,1,0
1478,2025-03-27,15,130.62,E3,card,0,0,normal,0,0,-0.6559247472716777,1,0
1046,2025-07-09,18,372.12,E3,cash,0,0,normal,1,0,0.4418021845912657,1,0
1349,2025-07-16,16,201.69,E1,card,0,0,normal,0,0,-0.5423980978129688,1,0
1371,2025-04-14,17,265.01,E2,card,5,0,normal,0,0,-0.22130127326968865,1,0
1547,2025-04-18,13,420.37,E1,cash,0,0,normal,1,0,1.8321079404342842,1,0
1261,2025-04-23,11,346.76,E3,card,0,0,normal,0,0,0.32652949311282153,1,0
1195,2025-06-20,11,307.62,E3,card,0,0,normal,0,0,0.14862045744774663,1,0
9039,2025-06-20,17,491.24,E2,cash,20,1,soft,1,0,0.7432275061644654,1,0
1704,2025-06-13,16,236.77,E3,card,5,0,normal,0,0,-0.17342489709672348,1,0
1107,2025-02-09,15,470.85,E2,card,5,0,normal,0,0,0.6562949958313425,1,0
1059,2025-06-16,14,78.59,E1,cash,0,0,normal,1,0,-1.8790621425735177,1,0
1626,2025-08-06,10,125.08,E1,card,0,0,normal,0,0,-1.37425701307784,1,0
9030,2025-07-02,12,431.72,E2,cash,15,1,soft,1,0,0.4894647295569384,1,0
1100,2025-04-05,10,212.57,E2,card,0,0,normal,0,0,-0.4448785583049494,1,0
1507,2025-03-06,13,109.9,E3,card,5,0,normal,0,0,-0.7501065362083245,1,0
1754,2025-01-28,13,285.45,E3,card,0,0,normal,0,0,0.04784776146678815,1,0
1637,2025-03-10,20,342.35,E2,card,0,0,normal,0,0,0.1084368507697292,1,0
1481,2025-05-07,12,264.72,E2,cash,5,0,normal,1,0,-0.22253768464764856,1,0
1179,2025-02-11,21,208.87,E3,card,0,0,normal,0,0,-0.30024303953554804,1,0
1304,2025-05-04,21,270.76,E3,card,0,0,normal,0,0,-0.01892494507179005,1,0
1774,2025-02-26,21,299.79,E1,cash,0,0,normal,1,0,0.5228069614153811,1,0
1506,2025-01-20,15,306.82,E3,card,0,0,normal,0,0,0.14498409494054015,1,0
9009,2025-06-22,23,1614.77,E3,cash,50,1,hard,1,1,6.090209521566366,-1,1
1149,2025-01-12,14,300.05,E2,card,0,0,normal,0,0,-0.07190867091203151,1,0
1124,2025-03-06,10,168.46,E3,cash,0,0,normal,1,0,-0.4839248006808132,1,0
1665,2025-06-10,10,266.96,E3,cash,0,0,normal,1,0,-0.036197666981020685,1,0
1730,2025-01-23,12,280.5,E2,cash,0,0,normal,1,0,-0.15525985173658052,1,0
1185,2025-08-19,14,328.94,E3,cash,10,0,normal,1,0,0.24552951826479819,1,0
1631,2025-04-10,17,208.76,E3,card,10,0,normal,0,0,-0.300743039380289,1,0
1050,2025-04-18,14,371.31,E2,card,0,0,normal,0,0,0.23190744906532695,1,0
1728,2025-07-02,14,173.0,E1,card,0,0,normal,0,0,-0.8539244296097206,1,0
1446,2025-05-04,14,237.05,E1,card,0,0,normal,0,0,-0.1584465086762261,1,0
9029,2025-01-16,12,738.95,E2,cash,30,1,medium,1,0,1.7993359973178682,-1,1
1500,2025-01-13,19,157.98,E1,card,0,0,normal,0,0,-1.017016988117466,1,0
1321,2025-08-21,11,200.26,E2,card,0,0,normal,0,0,-0.4973620895555989,1,0
1353,2025-08-21,16,29.04,E1,card,0,0,normal,0,0,-2.4170938518983367,1,0
1780,2025-06-16,20,192.55,E3,card,0,0,normal,0,0,-0.3744248346825593,1,0
1142,2025-08-22,10,208.19,E2,card,0,0,normal,0,0,-0.4635526335996565,1,0
1370,2025-06-15,10,266.54,E1,card,0,0,normal,0,0,0.16176651065755618,1,0
1697,2025-07-15,14,217.58,E1,card,0,0,normal,0,0,-0.3698587666087028,1,0
1141,2025-01-05,21,207.33,E3,cash,0,0,normal,1,0,-0.3072430373619204,1,0
1399,2025-05-15,12,432.55,E3,cash,0,0,normal,1,0,0.716483917479372,1,0
1263,2025-04-23,19,211.84,E1,card,0,0,normal,0,0,-0.4321857496868959,1,0
1320,2025-02-21,18,123.43,E2,card,10,0,normal,0,0,-0.8249258349648109,1,0
1019,2025-05-11,13,89.75,E1,card,5,0,normal,0,0,-1.757882851431944,1,0
1172,2025-05-22,15,187.41,E2,card,5,0,normal,0,0,-0.5521479040617602,1,0
1684,2025-02-04,12,270.7,E2,card,0,0,normal,0,0,-0.19704202933661022,1,0
1312,2025-06-13,21,413.05,E3,cash,0,0,normal,1,0,0.6278475813662151,1,0
1390,2025-06-10,10,217.22,E3,cash,5,0,normal,1,0,-0.26228850586658087,1,0
1783,2025-05-02,20,329.4,E3,cash,0,0,normal,1,0,0.24762042670644177,1,0
1012,2025-03-16,10,275.52,E2,cash,0,0,normal,1,0,-0.176492019537412,1,0
1407,2025-04-25,19,278.09,E3,card,0,0,normal,0,0,0.014393226400488863,1,0
1408,2025-08-02,21,364.23,E2,cash,0,0,normal,1,0,0.20172195749306068,1,0
1305,2025-07-06,19,40.78,E2,card,0,0,normal,0,0,-1.1773030776834286,1,0
1354,2025-04-09,18,111.0,E3,card,0,0,normal,0,0,-0.7451065377609156,1,0
1025,2025-06-07,16,190.7,E3,cash,0,0,normal,1,0,-0.3828339229804743,1,0
1636,2025-01-10,12,222.36,E3,cash,0,0,normal,1,0,-0.23892487675777943,1,0
1169,2025-01-01,19,193.78,E2,card,0,0,normal,0,0,-0.5249894886217409,1,0
1530,2025-02-27,15,323.2,E1,card,0,0,normal,0,0,0.7770011554677321,1,0
1038,2025-08-07,18,259.31,E2,card,0,0,normal,0,0,-0.24560315207786912,1,0
1175,2025-05-17,11,183.41,E1,card,5,0,normal,0,0,-0.7408889080341129,1,0
1245,2025-07-26,19,387.13,E3,card,0,0,normal,0,0,0.5100294361327264,1,0
1298,2025-08-02,15,205.94,E1,cash,0,0,normal,1,0,-0.49625007027249496,1,0
9034,2025-02-11,10,486.16,E2,cash,20,1,soft,1,0,0.7215689896126134,-1,1
1416,2025-02-20,10,396.19,E3,card,5,0,normal,0,0,0.5512112415268393,1,0
1572,2025-04-02,10,240.28,E1,card,0,0,normal,0,0,-0.12337400774546607,1,0
1272,2025-03-28,10,205.93,E1,cash,0,0,normal,1,0,-0.49635865386670774,1,0
1473,2025-06-23,17,79.7,E3,cash,0,0,normal,1,0,-0.8873792208553676,1,0
1640,2025-06-29,10,232.2,E3,cash,0,0,normal,1,0,-0.19419761791914036,1,0
1568,2025-05-25,13,178.04,E3,cash,0,0,normal,1,0,-0.4403793596570162,1,0
1154,2025-03-03,12,179.61,E2,cash,5,0,normal,1,0,-0.5854031066413756,1,0
1126,2025-03-12,14,228.81,E2,card,5,0,normal,0,0,-0.3756395211391859,1,0
1449,2025-01-24,12,45.08,E2,cash,0,0,normal,1,0,-1.1589700813895378,1,0
1596,2025-08-25,20,386.91,E1,cash,0,0,normal,1,0,1.468787234197989,1,0
1341,2025-03-31,14,235.49,E3,card,0,0,normal,0,0,-0.1792430771082538,1,0
1430,2025-03-02,20,434.43,E1,card,10,0,normal,0,0,1.984776473897593,-1,1
1287,2025-07-02,19,515.16,E1,card,10,0,normal,0,0,2.8613718299781707,-1,1
1113,2025-02-22,19,335.09,E1,card,5,0,normal,0,0,0.9061070489868459,1,0
1709,2025-04-11,21,277.02,E2,card,0,0,normal,0,0,-0.17009678827210134,1,0
1173,2025-04-13,12,246.26,E3,card,0,0,normal,0,0,-0.1302885468549872,1,0
1359,2025-05-28,14,258.26,E1,cash,5,0,normal,1,0,0.07185929464929149,1,0
1513,2025-04-25,13,202.42,E2,cash,0,0,normal,1,0,-0.48815295653355156,1,0
1057,2025-01-21,20,366.84,E2,cash,0,0,normal,1,0,0.21284965989470106,1,0
1576,2025-08-17,17,309.18,E3,cash,5,0,normal,1,0,0.1557113643367992,1,0
1222,2025-07-09,11,165.67,E1,cash,0,0,normal,1,0,-0.9335162041677615,1,0
1721,2025-06-01,21,268.45,E3,card,0,0,normal,0,0,-0.02942494181134865,1,0
1280,2025-02-22,17,351.81,E2,card,0,0,normal,0,0,0.14876944261628836,1,0
1017,2025-04-14,18,218.42,E3,card,0,0,normal,0,0,-0.25683396210577125,1,0
1127,2025-01-09,19,259.19,E3,card,0,0,normal,0,0,-0.07151583783226313,1,0
1322,2025-06-10,13,288.98,E3,card,0,0,normal,0,0,0.0638932110298367,1,0
1255,2025-07-05,15,355.5,E2,cash,0,0,normal,1,0,0.16450171152895257,1,0
1795,2025-07-05,19,316.14,E2,card,10,0,normal,0,0,-0.0033091568727992566,1,0
9007,2025-04-06,23,1814.67,E3,cash,60,1,hard,1,1,6.9988456030545745,-1,1
1190,2025-08-17,16,83.79,E2,card,0,0,normal,0,0,-0.9939304798694206,1,0
1115,2025-06-03,11,311.52,E2,card,0,0,normal,0,0,-0.023006469169956113,1,0
1526,2025-03-04,20,182.2,E3,cash,0,0,normal,1,0,-0.42147027461954273,1,0
1180,2025-05-04,14,239.83,E2,card,5,0,normal,0,0,-0.32865588877670354,1,0
1301,2025-05-24,18,374.95,E3,card,0,0,normal,0,0,0.4546658169605084,1,0
1676,2025-02-12,17,179.71,E2,card,0,0,normal,0,0,-0.5849767578903549,1,0
1606,2025-04-03,17,404.31,E3,cash,0,0,normal,1,0,0.5881203209749847,1,0
1617,2025-08-08,19,215.44,E3,card,0,0,normal,0,0,-0.2703794124451152,1,0
1585,2025-02-27,19,275.05,E2,card,0,0,normal,0,0,-0.1784958586672092,1,0
1794,2025-03-15,21,401.18,E1,card,0,0,normal,0,0,1.6237360231397682,1,0
1517,2025-04-08,12,264.53,E1,cash,10,0,normal,1,0,0.13994120822076683,1,0
9025,2025-07-22,15,702.11,E2,cash,30,1,medium,1,0,1.6422691174418382,-1,1
1045,2025-07-09,10,236.14,E3,cash,0,0,normal,1,0,-0.17628853257114868,1,0
1762,2025-04-27,11,230.22,E1,card,5,0,normal,0,0,-0.23260910352362305,1,0
1157,2025-04-09,18,196.46,E1,cash,0,0,normal,1,0,-0.5991873175863047,1,0
1660,2025-05-20,19,180.78,E2,cash,5,0,normal,1,0,-0.5804148262544333,1,0
1171,2025-08-06,15,337.92,E2,cash,5,0,normal,1,0,0.08954960109951168,1,0
1016,2025-04-10,16,59.26,E1,cash,5,0,normal,1,0,-2.088954230187014,1,0
1511,2025-05-22,17,232.98,E2,card,5,0,normal,0,0,-0.3578607782216223,1,0
1048,2025-07-09,10,372.1,E3,card,0,0,normal,0,0,0.44171127552858563,1,0
9013,2025-02-07,4,1757.8,E2,cash,40,1,hard,1,1,6.14319024709238,-1,1
1515,2025-05-23,11,193.4,E3,card,10,0,normal,0,0,-0.3705611995186525,1,0
1586,2025-05-02,18,242.88,E2,cash,0,0,normal,1,0,-0.31565225187057194,1,0
1480,2025-07-13,16,200.76,E3,card,10,0,normal,0,0,-0.3371066644523534,1,0
1283,2025-06-09,21,318.17,E1,card,0,0,normal,0,0,0.7223836075786539,1,0
9015,2025-05-09,12,721.55,E2,cash,30,1,medium,1,0,1.7251513146402642,-1,1
1225,2025-05-01,11,316.79,E2,card,0,0,normal,0,0,-0.0005378899911644912,1,0
1026,2025-02-07,20,309.74,E3,card,0,0,normal,0,0,0.15825681809184372,1,0
9021,2025-06-16,10,627.78,E2,cash,30,1,medium,1,0,1.3253640908081437,-1,1
1437,2025-01-17,17,390.28,E1,cash,0,0,normal,1,0,1.5053799054477288,1,0
1364,2025-06-01,13,185.13,E2,card,0,0,normal,0,0,-0.5618686555850324,1,0
1229,2025-04-26,12,254.28,E1,cash,5,0,normal,1,0,0.02864302415256548,1,0
1037,2025-02-18,17,215.58,E3,cash,5,0,normal,1,0,-0.269743049006354,1,0
9008,2025-06-10,2,1910.24,E3,cash,50,1,hard,1,1,7.433254559071724,-1,1
1374,2025-04-22,18,305.62,E3,card,0,0,normal,0,0,0.13952955117973054,1,0
1469,2025-02-23,16,227.47,E1,cash,0,0,normal,1,0,-0.26246959193216496,1,0
9010,2025-06-13,4,1013.78,E2,cash,40,1,hard,1,1,2.9710702697480875,-1,1
1715,2025-04-09,20,90.47,E3,cash,10,0,normal,1,0,-0.8384246906021009,1,0
1725,2025-02-06,15,272.23,E2,card,0,0,normal,0,0,-0.19051889344599324,1,0
1194,2025-05-23,15,179.77,E2,cash,10,0,normal,1,0,-0.5847209486397424,1,0
1717,2025-02-05,11,326.7,E1,card,0,0,normal,0,0,0.81500541344224,1,0
1751,2025-03-17,15,137.48,E1,card,0,0,normal,0,0,-1.2396133562538694,1,0
1503,2025-02-26,19,336.89,E3,cash,0,0,normal,1,0,0.2816658706801621,1,0
9012,2025-01-18,4,1701.83,E3,cash,60,1,hard,1,1,6.485936671413106,-1,1
1749,2025-08-21,16,250.53,E2,cash,0,0,normal,1,0,-0.28303657241748753,1,0
9011,2025-05-28,3,1342.23,E3,cash,40,1,hard,1,1,4.851391724423813,-1,1
1162,2025-02-04,10,356.77,E1,cash,10,0,normal,1,0,1.1415162812403692,1,0
1598,2025-05-09,20,184.03,E1,cash,5,0,normal,1,0,-0.7341567251929143,1,0
1152,2025-02-17,19,391.06,E1,cash,0,0,normal,1,0,1.5138494257963337,1,0
1581,2025-05-07,19,229.24,E1,card,10,0,normal,0,0,-0.24325029575648516,1,0
1597,2025-04-27,11,371.35,E2,cash,0,0,normal,1,0,0.23207798856573533,1,0
1641,2025-08-11,17,215.82,E2,cash,0,0,normal,1,0,-0.4310222238967763,1,0
1111,2025-03-23,18,249.73,E2,cash,5,0,normal,1,0,-0.2864473624256533,1,0
1226,2025-01-27,20,334.59,E2,cash,0,0,normal,1,0,0.07535218769052184,1,0
1587,2025-01-01,12,116.77,E3,card,0,0,normal,0,0,-0.7188792731776893,1,0
1103,2025-07-19,14,357.48,E2,cash,5,0,normal,1,0,0.17294341679916272,1,0
1421,2025-08-14,16,363.56,E3,cash,5,0,normal,1,0,0.40289310576415677,1,0
1419,2025-01-27,17,413.87,E2,cash,10,0,normal,1,0,0.41336147749974145,1,0
1119,2025-08-25,17,185.55,E2,cash,0,0,normal,1,0,-0.5600779908307454,1,0
1053,2025-05-11,21,68.93,E3,cash,5,0,normal,1,0,-0.9363337511086341,1,0
1151,2025-02-02,14,307.5,E3,card,0,0,normal,0,0,0.14807500307166566,1,0
1403,2025-02-02,17,452.15,E2,cash,0,0,normal,1,0,0.5765677793904694,1,0
1791,2025-08-27,10,126.1,E3,card,0,0,normal,0,0,-0.6764701954373942,1,0
1207,2025-03-03,16,334.35,E3,cash,10,0,normal,1,0,0.27012041971978185,1,0
1710,2025-07-20,11,279.02,E2,card,0,0,normal,0,0,-0.16156981325168712,1,0
1732,2025-04-09,19,348.99,E2,cash,0,0,normal,1,0,0.13674640783750433,1,0
1008,2025-04-13,14,245.52,E2,card,0,0,normal,0,0,-0.3043966448436251,1,0
1682,2025-02-15,14,462.73,E3,card,0,0,normal,0,0,0.853665693063735,1,0
1036,2025-03-30,21,263.04,E1,cash,0,0,normal,1,0,0.12376225268304829,1,0
1452,2025-06-30,13,369.27,E1,card,5,0,normal,0,0,1.2772457740064687,1,0
1253,2025-04-23,15,231.53,E1,card,5,0,normal,0,0,-0.2183846526817358,1,0
1303,2025-07-20,14,364.81,E3,cash,0,0,normal,1,0,0.40857492218166686,1,0
1633,2025-08-10,16,138.55,E3,card,0,0,normal,0,0,-0.6198793039189939,1,0
1571,2025-01-19,18,-54.96,E3,cash,0,0,normal,1,0,-1.499469939880891,1,0
1604,2025-03-10,12,328.94,E1,card,0,0,normal,0,0,0.8393281385459251,1,0
1613,2025-03-27,10,240.84,E3,cash,0,0,normal,1,0,-0.15492490284131077,1,0
1262,2025-04-11,10,463.17,E3,card,5,0,normal,0,0,0.8556656924426984,1,0
1297,2025-07-17,19,44.37,E3,cash,5,0,normal,1,0,-1.047970080079872,1,0
1414,2025-08-18,14,32.52,E2,cash,0,0,normal,1,0,-1.2125194845177392,1,0
1150,2025-06-11,14,201.23,E3,cash,5,0,normal,1,0,-0.33497030147936957,1,0
1667,2025-06-28,16,185.43,E2,card,0,0,normal,0,0,-0.5605896093319702,1,0
1745,2025-06-26,18,320.56,E2,card,0,0,normal,0,0,0.015535457922316228,1,0
1550,2025-07-15,14,329.78,E2,card,0,0,normal,0,0,0.05484481276642564,1,0
1488,2025-06-10,20,343.83,E1,cash,0,0,normal,1,0,1.001009110328903,1,0
1147,2025-07-20,14,235.72,E2,card,5,0,normal,0,0,-0.34617882244365483,1,0
1146,2025-05-15,12,267.54,E1,card,0,0,normal,0,0,0.17262487007884414,1,0
9032,2025-01-11,13,484.05,E2,cash,15,1,soft,1,0,0.7125730309660763,1,0
1779,2025-07-05,14,197.88,E1,card,0,0,normal,0,0,-0.583768447208076,1,0
1628,2025-06-25,15,249.09,E2,card,0,0,normal,0,0,-0.2891759944321858,1,0
1348,2025-05-20,15,193.85,E1,cash,0,0,normal,1,0,-0.6275276356758666,1,0
1463,2025-03-08,10,291.18,E3,card,5,0,normal,0,0,0.07389320792465434,1,0
1325,2025-02-08,17,190.8,E3,card,0,0,normal,0,0,-0.3823793776670734,1,0
1186,2025-02-21,14,291.74,E1,cash,0,0,normal,1,0,0.43539716807401285,1,0
1123,2025-02-14,11,231.94,E1,cash,10,0,normal,1,0,-0.21393272531900775,1,0
1716,2025-08-28,19,322.31,E1,card,5,0,normal,0,0,0.767337215582786,1,0
1608,2025-03-17,16,284.23,E1,card,0,0,normal,0,0,0.3538508888201403,1,0
1143,2025-08-19,14,164.47,E1,card,0,0,normal,0,0,-0.946546235473307,1,0
9002,2025-03-21,2,1631.56,E2,cash,40,1,hard,1,1,5.604967583803834,-1,1
1197,2025-02-05,11,312.09,E3,card,0,0,normal,0,0,0.16893863295676248,1,0
1609,2025-06-03,13,54.36,E2,card,10,0,normal,0,0,-1.1194049172948157,-1,0
1279,2025-05-10,13,212.21,E3,card,0,0,normal,0,0,-0.28506122606796114,1,0
1293,2025-01-24,16,289.54,E3,card,0,0,normal,0,0,0.06643866478488121,1,0
1400,2025-07-14,10,328.74,E3,card,5,0,normal,0,0,0.24462042763799663,1,0
1122,2025-01-15,10,295.61,E3,card,10,0,normal,0,0,0.09402956530831003,1,0
1183,2025-03-04,10,354.93,E3,card,5,0,normal,0,0,0.36366584521766737,1,0
1202,2025-03-27,18,235.72,E2,card,0,0,normal,0,0,-0.34617882244365483,1,0
1438,2025-06-21,15,154.72,E1,card,5,0,normal,0,0,-1.0524152398308646,1,0
1246,2025-02-28,12,283.48,E2,cash,0,0,normal,1,0,-0.14255465895616326,1,0
1415,2025-04-19,18,202.02,E1,card,0,0,normal,0,0,-0.5388148392039437,1,0
1744,2025-01-19,10,351.37,E2,cash,0,0,normal,1,0,0.14689350811179722,1,0
1129,2025-05-09,15,253.5,E2,cash,0,0,normal,1,0,-0.2703740145121724,1,0
1402,2025-05-08,11,345.72,E3,cash,0,0,normal,1,0,0.32180222185345336,1,0
9023,2025-02-23,11,527.75,E2,cash,20,1,medium,1,0,0.8988874351621269,-1,1
1652,2025-03-21,15,247.29,E2,cash,5,0,normal,1,0,-0.29685027195055863,1,0
1764,2025-04-09,19,228.02,E3,cash,0,0,normal,1,0,-0.2131976120192939,1,0
1219,2025-04-02,13,246.32,E2,cash,0,0,normal,1,0,-0.3009858548354595,1,0
1766,2025-01-25,18,476.12,E3,card,0,0,normal,0,0,0.9145293105281026,1,0
1638,2025-04-10,17,276.23,E2,cash,0,0,normal,1,0,-0.1734649434051648,1,0
9019,2025-04-06,19,577.02,E2,cash,30,1,medium,1,0,1.108949464790031,-1,1
1624,2025-07-23,13,142.5,E1,cash,0,0,normal,1,0,-1.1851043919590036,1,0
1707,2025-06-13,12,331.84,E1,cash,5,0,normal,1,0,0.87081738086766,1,0
1789,2025-03-16,16,165.09,E1,card,0,0,normal,0,0,-0.9398140526321084,1,0
1386,2025-07-27,12,277.22,E1,cash,0,0,normal,1,0,0.2777337892769118,1,0
9014,2025-07-14,3,1030.04,E2,cash,60,1,hard,1,1,3.0403945766640548,-1,1
1509,2025-08-26,13,315.97,E3,cash,0,0,normal,1,0,0.18657499111671394,1,0
1267,2025-04-23,18,283.77,E3,card,0,0,normal,0,0,0.040211400201654604,1,0
1692,2025-03-31,20,268.95,E3,card,0,0,normal,0,0,-0.027152215244344628,1,0
1441,2025-08-09,20,285.53,E1,cash,0,0,normal,1,0,0.3679667560678142,1,0
1496,2025-04-09,10,103.16,E2,card,5,0,normal,0,0,-0.911346726796709,1,0
1112,2025-04-21,11,242.16,E3,cash,0,0,normal,1,0,-0.14892490470442019,1,0
1232,2025-01-03,16,356.51,E3,cash,0,0,normal,1,0,0.3708476611694,1,0
1731,2025-08-05,13,323.52,E1,card,5,0,normal,0,0,0.7804758304825442,1,0
1607,2025-07-14,18,154.66,E3,card,0,0,normal,0,0,-0.5466520539301243,1,0
1373,2025-08-15,12,275.11,E2,cash,0,0,normal,1,0,-0.17824004941659677,1,0
1233,2025-04-13,20,190.54,E1,card,0,0,normal,0,0,-0.6634688053603297,1,0
1664,2025-02-02,21,362.97,E1,card,10,0,normal,0,0,1.208838109652355,1,0
1317,2025-05-28,13,103.64,E1,card,0,0,normal,0,0,-1.607060239070254,1,0
1648,2025-08-25,15,114.15,E1,card,0,0,normal,0,0,-1.4929388815525175,1,0
1410,2025-01-22,17,532.78,E1,card,10,0,normal,0,0,3.052696122981265,-1,1
1753,2025-07-18,20,310.46,E3,card,0,0,normal,0,0,0.16152954434832936,1,0
1358,2025-05-11,17,154.1,E2,cash,0,0,normal,1,0,-0.694164673026759,1,0
1258,2025-02-08,18,401.71,E3,cash,0,0,normal,1,0,0.5763021428265637,1,0
1627,2025-08-06,13,181.4,E1,card,0,0,normal,0,0,-0.7627142104709016,1,0
1632,2025-02-02,10,315.91,E3,card,0,0,normal,0,0,0.18630226392867344,1,0
1282,2025-08-06,19,374.6,E3,card,0,0,normal,0,0,0.45307490836360576,1,0
1376,2025-04-09,20,295.53,E2,cash,0,0,normal,1,0,-0.0911796344581678,1,0
1384,2025-02-23,15,226.42,E1,cash,5,0,normal,1,0,-0.2738708693245175,1,0
1224,2025-05-09,14,359.36,E1,card,0,0,normal,0,0,1.1696394321415053,1,0
1797,2025-05-25,21,132.92,E3,card,0,0,normal,0,0,-0.6454702050634593,1,0
1688,2025-01-08,11,55.09,E2,card,0,0,normal,0,0,-1.1162925714123646,1,0
1472,2025-04-14,17,472.12,E1,cash,5,0,normal,1,0,2.3940280404859364,1,0
1347,2025-02-17,15,207.01,E2,cash,0,0,normal,1,0,-0.4685835488617009,1,0
1505,2025-06-22,15,195.83,E1,card,0,0,normal,0,0,-0.6060280840217162,1,0
1639,2025-02-03,12,184.24,E3,card,0,0,normal,0,0,-0.4121975502261662,1,0
9028,2025-08-06,10,647.62,E2,cash,30,1,medium,1,0,1.4099516830106529,-1,1
1777,2025-06-30,19,283.26,E1,cash,0,0,normal,1,0,0.3433182801814907,1,0
1758,2025-02-21,16,338.24,E3,card,0,0,normal,0,0,0.28780223241107306,1,0
1619,2025-02-16,11,321.46,E1,cash,5,0,normal,1,0,0.758107610074691,1,0
1718,2025-07-29,12,172.7,E1,card,0,0,normal,0,0,-0.8571819374361072,1,0
1645,2025-04-06,12,295.78,E3,card,0,0,normal,0,0,0.09480229234109121,1,0
1711,2025-06-01,11,188.59,E1,cash,0,0,normal,1,0,-0.6846426062318411,1,0
1556,2025-02-16,18,217.48,E2,cash,5,0,normal,1,0,-0.4239448346298325,1,0
1577,2025-08-06,14,262.78,E2,cash,0,0,normal,1,0,-0.23080885041745058,1,0
1085,2025-05-14,19,307.3,E1,cash,5,0,normal,1,0,0.6043532406692537,1,0
1242,2025-08-22,12,268.95,E2,card,0,0,normal,0,0,-0.20450313247947266,1,0
1159,2025-04-14,12,263.9,E3,cash,0,0,normal,1,0,-0.050106753571085315,1,0
1524,2025-06-02,14,39.8,E3,card,0,0,normal,0,0,-1.0687428009022886,1,0
1035,2025-08-24,13,342.58,E1,card,0,0,normal,0,0,0.9874361610522929,1,0
1540,2025-07-07,10,255.4,E2,cash,0,0,normal,1,0,-0.2622733882427789,1,0
1170,2025-01-05,11,317.67,E2,card,0,0,normal,0,0,0.0032139790178177443,1,0
1654,2025-08-08,13,321.38,E1,cash,10,0,normal,1,0,0.7572389413209881,1,0
1720,2025-04-06,16,340.18,E2,card,0,0,normal,0,0,0.0991850828725797,1,0
1712,2025-07-11,10,142.35,E2,cash,10,0,normal,1,0,-0.7442606512716925,1,0
1790,2025-05-26,19,277.34,E3,card,0,0,normal,0,0,0.010984136549982829,1,0
1095,2025-06-11,14,254.89,E1,cash,0,0,normal,1,0,0.03526662339955098,1,0
1563,2025-04-24,16,486.63,E2,card,5,0,normal,0,0,0.7235728287424106,1,0
1240,2025-08-13,18,259.16,E1,cash,5,0,normal,1,0,0.08163181812845102,1,0
1574,2025-07-02,16,212.91,E1,card,5,0,normal,0,0,-0.42056730510611784,1,0
1690,2025-06-03,17,203.97,E1,card,0,0,normal,0,0,-0.5176410383324322,1,0
1460,2025-06-09,17,172.85,E1,cash,0,0,normal,1,0,-0.8555531835229139,1,0
1553,2025-08-12,10,347.52,E2,card,0,0,normal,0,0,0.13047908119749976,1,0
1737,2025-03-03,19,383.81,E1,cash,5,0,normal,1,0,1.435126319991996,1,0
1206,2025-02-14,21,191.5,E2,cash,5,0,normal,1,0,-0.5347102401450131,1,0
1392,2025-02-02,10,221.24,E2,card,0,0,normal,0,0,-0.4079141215914537,1,0
1397,2025-05-08,13,118.42,E2,card,0,0,normal,0,0,-0.8462859073909484,1,0
1713,2025-08-15,14,246.42,E3,cash,0,0,normal,1,0,-0.12956127435354595,1,0
1217,2025-03-16,10,95.4,E2,card,0,0,normal,0,0,-0.9444313898759161,1,0
1004,2025-04-17,20,298.69,E2,cash,5,0,normal,1,0,-0.07770701392591324,1,0
1642,2025-05-18,12,242.11,E3,card,0,0,normal,0,0,-0.1491521773611205,1,0
1752,2025-01-09,15,189.03,E2,card,0,0,normal,0,0,-0.5452410542952246,1,0
1612,2025-08-17,17,287.64,E3,card,0,0,normal,0,0,0.057802303830265765,1,0
1546,2025-08-24,13,402.07,E3,card,0,0,normal,0,0,0.5779385059548067,1,0
1683,2025-05-10,12,287.92,E3,card,0,0,normal,0,0,0.059075030707788155,1,0
1098,2025-08-16,20,305.63,E2,cash,0,0,normal,1,0,-0.04811841060507592,1,0
1573,2025-02-27,15,243.81,E2,cash,5,0,normal,1,0,-0.3116872084860793,1,0
1406,2025-07-06,16,143.04,E1,card,0,0,normal,0,0,-1.1792408778715082,1,0
1502,2025-05-15,20,294.4,E2,cash,0,0,normal,1,0,-0.09599737534470182,1,0
1047,2025-06-24,17,217.65,E2,card,0,0,normal,0,0,-0.42322004175309724,1,0
1032,2025-07-23,11,325.39,E1,card,0,0,normal,0,0,0.8007809626003527,1,0
1200,2025-03-12,11,140.58,E1,card,0,0,normal,0,0,-1.2059524420478764,1,0
1134,2025-05-19,11,299.02,E2,card,0,0,normal,0,0,-0.07630006304754496,1,0
1027,2025-05-10,19,340.91,E2,card,0,0,normal,0,0,0.10229742875503096,1,0
1739,2025-04-22,20,486.26,E2,cash,0,0,normal,1,0,0.7219953383636339,1,0
1230,2025-07-24,18,117.47,E3,card,0,0,normal,0,0,-0.7156974559838836,1,0
1489,2025-05-17,13,203.21,E3,card,0,0,normal,0,0,-0.32597030427403356,1,0
1378,2025-04-03,19,83.42,E1,cash,0,0,normal,1,0,-1.826616266568697,1,0
1288,2025-07-22,20,213.15,E2,card,10,0,normal,0,0,-0.44240573554902923,1,0
1418,2025-01-08,20,266.15,E2,cash,0,0,normal,1,0,-0.21644089750805262,1,0
1674,2025-06-17,16,336.6,E1,card,0,0,normal,0,0,0.9225031717129912,1,0
1391,2025-03-09,21,317.76,E1,card,5,0,normal,0,0,0.7179316802159256,1,0
1592,2025-04-28,15,186.18,E3,cash,10,0,normal,1,0,-0.4033793711461906,1,0
1498,2025-06-02,15,120.65,E2,card,0,0,normal,0,0,-0.8367783302431867,1,0
1138,2025-06-12,14,349.15,E2,card,0,0,normal,0,0,0.13742856583913735,1,0
1062,2025-03-30,12,360.71,E2,card,0,0,normal,0,0,0.18671448145713151,1,0
1471,2025-03-08,14,217.55,E1,card,0,0,normal,0,0,-0.3701845173913415,1,0
1647,2025-03-10,11,241.24,E3,card,0,0,normal,0,0,-0.15310672158770752,1,0
1128,2025-03-29,18,299.6,E2,card,0,0,normal,0,0,-0.07382724029162467,1,0
9018,2025-03-28,10,671.79,E2,cash,25,1,medium,1,0,1.5130001761323586,-1,1
1520,2025-08-03,13,189.16,E1,card,0,0,normal,0,0,-0.6784533413617071,1,0
1064,2025-01-14,18,11.75,E3,card,5,0,normal,0,0,-1.1962427613112143,1,0
1014,2025-03-29,13,283.71,E2,card,5,0,normal,0,0,-0.1415740568288158,1,0
1156,2025-02-06,14,227.66,E3,cash,0,0,normal,1,0,-0.21483397514753685,1,0
1040,2025-06-19,10,74.28,E3,card,0,0,normal,0,0,-0.9120155768416911,1,0
1492,2025-02-08,10,265.22,E1,cash,0,0,normal,1,0,0.14743347622145614,1,0
1379,2025-05-26,12,334.91,E3,cash,0,0,normal,1,0,0.27266587347482635,1,0
1187,2025-04-06,11,302.0,E2,cash,5,0,normal,1,0,-0.0635948702671277,1,0
1216,2025-07-09,19,330.17,E2,card,0,0,normal,0,0,0.056507572895406595,1,0
1052,2025-03-05,19,331.2,E3,card,0,0,normal,0,0,0.2558022423476563,1,0
1337,2025-02-11,20,56.15,E3,cash,0,0,normal,1,0,-0.994424642161257,1,0
1719,2025-08-19,16,271.96,E1,card,5,0,normal,0,0,0.22061881872093653,1,0
1724,2025-08-12,14,369.41,E1,cash,0,0,normal,1,0,1.2787659443254495,1,0
1295,2025-04-26,21,127.33,E3,card,0,0,normal,0,0,-0.6708792880825644,1,0
1701,2025-03-16,19,304.5,E1,cash,0,0,normal,1,0,0.5739498342896472,1,0
1251,2025-08-21,21,367.72,E2,card,5,0,normal,0,0,0.21660152890368353,1,0
1726,2025-01-12,18,298.52,E3,card,0,0,normal,0,0,0.1072568339282733,1,0
1461,2025-08-03,12,154.75,E2,card,0,0,normal,0,0,-0.6913934061451243,1,0
1455,2025-07-07,18,292.98,E1,card,5,0,normal,0,0,0.44886153375641,1,0
9037,2025-02-07,10,465.57,E2,cash,15,1,soft,1,0,0.6337837817774489,1,0
1269,2025-05-10,15,242.63,E3,card,10,0,normal,0,0,-0.1467885417314364,1,0
1201,2025-07-06,13,263.88,E1,card,0,0,normal,0,0,0.13288327459692992,1,0
1161,2025-08-07,10,267.07,E1,cash,0,0,normal,1,0,0.1675214411508385,1,0
1555,2025-04-04,19,273.42,E1,card,0,0,normal,0,0,0.23647202347601734,1,0
1729,2025-01-13,21,194.12,E3,card,10,0,normal,0,0,-0.36728847326216674,1,0
1401,2025-05-25,15,55.87,E1,card,10,0,normal,0,0,-2.1257640686251804,-1,0
1702,2025-06-06,16,133.58,E3,cash,5,0,normal,1,0,-0.6424702059950139,1,0
1476,2025-02-01,12,186.97,E3,cash,0,0,normal,1,0,-0.3997884631703243,1,0
1105,2025-08-03,21,115.01,E1,cash,0,0,normal,1,0,-1.4836006924502096,1,0
1565,2025-04-16,14,106.21,E1,card,10,0,normal,0,0,-1.579154255357544,-1,0
1389,2025-08-16,13,237.5,E1,cash,0,0,normal,1,0,-0.15356024693664663,1,0
1001,2025-06-29,19,358.68,E2,cash,5,0,normal,1,0,0.1780596018114112,1,0
1785,2025-06-12,11,201.41,E1,cash,10,0,normal,1,0,-0.5454384384509294,1,0
1561,2025-05-24,15,260.82,E1,cash,10,0,normal,1,0,0.09965669476778871,1,0
1080,2025-06-13,21,82.48,E2,cash,0,0,normal,1,0,-0.999515648507792,1,0
1205,2025-06-19,17,252.1,E2,cash,10,0,normal,1,0,-0.2763428970264624,1,0
1034,2025-01-22,19,371.94,E2,card,0,0,normal,0,0,0.2345934461967574,1,0
1508,2025-01-08,17,151.42,E1,card,0,0,normal,0,0,-1.088247825921115,1,0
1427,2025-07-11,11,241.43,E2,cash,0,0,normal,1,0,-0.32183430876037217,1,0
1454,2025-04-09,19,154.65,E3,cash,10,0,normal,1,0,-0.5466975084614644,1,0
1366,2025-03-16,20,322.47,E1,card,0,0,normal,0,0,0.7690745530901923,1,0
1091,2025-07-10,21,254.53,E3,cash,0,0,normal,1,0,-0.09269764943674061,1,0
1339,2025-01-07,20,337.33,E1,card,0,0,normal,0,0,0.9304297740905311,1,0
1564,2025-05-04,10,332.11,E1,card,10,0,normal,0,0,0.8737491379114082,1,0
1345,2025-01-02,15,209.41,E1,card,5,0,normal,0,0,-0.4585715630806257,1,0
1776,2025-04-19,14,42.63,E1,cash,0,0,normal,1,0,-2.269528747363033,1,0
1241,2025-02-20,12,225.34,E2,card,0,0,normal,0,0,-0.3904338227996046,1,0
1013,2025-07-22,15,224.74,E1,card,5,0,normal,0,0,-0.292112913152281,1,0
1315,2025-07-14,13,185.77,E2,card,10,0,normal,0,0,-0.5591400235784998,1,0
1600,2025-07-08,20,196.65,E2,cash,0,0,normal,1,0,-0.5127532794674465,1,0
1387,2025-07-08,13,179.32,E1,cash,0,0,normal,1,0,-0.7852995980671807,1,0
1273,2025-08-17,19,528.46,E3,card,0,0,normal,0,0,1.152438327562084,1,0
1166,2025-06-24,17,319.34,E3,card,0,0,normal,0,0,0.20189316817832081,1,0
9033,2025-06-03,15,361.2,E2,cash,20,1,soft,1,0,0.18880359033713304,1,0
1646,2025-01-01,11,31.15,E1,cash,0,0,normal,1,0,-2.394182713519419,-1,0
1484,2025-05-10,13,400.51,E1,card,10,0,normal,0,0,1.616460922327505,1,0
9022,2025-08-27,10,798.41,E2,cash,30,1,medium,1,0,2.0528429646747823,-1,1
1504,2025-02-05,10,267.66,E2,cash,0,0,normal,1,0,-0.21000303136763968,1,0
1243,2025-06-21,20,329.23,E1,cash,0,0,normal,1,0,0.8424770627780989,1,0
1566,2025-06-07,14,203.54,E2,cash,0,0,normal,1,0,-0.48337785052211957,1,0
1562,2025-01-13,20,185.0,E3,card,0,0,normal,0,0,-0.40874300584432016,1,0
1686,2025-03-22,21,228.53,E1,card,0,0,normal,0,0,-0.2509597309455997,1,0
1189,2025-08-10,12,218.08,E2,card,0,0,normal,0,0,-0.42138674212370814,1,0
1782,2025-08-11,15,319.58,E2,cash,0,0,normal,1,0,0.011357240162313185,1,0
1699,2025-04-24,11,100.67,E1,card,0,0,normal,0,0,-1.6393095665514794,1,0
1475,2025-04-24,16,165.6,E3,cash,0,0,normal,1,0,-0.4969247966440763,1,0
1681,2025-04-05,18,247.51,E3,cash,5,0,normal,1,0,-0.12460673043747715,1,0
1510,2025-05-24,17,127.85,E2,card,5,0,normal,0,0,-0.8060812201696955,1,0
1058,2025-03-14,21,379.98,E1,card,0,0,normal,0,0,1.3935388034084633,1,0
1474,2025-01-24,12,200.73,E3,card,0,0,normal,0,0,-0.3372430280463736,1,0
1560,2025-02-21,18,314.1,E3,card,5,0,normal,0,0,0.17807499375611888,1,0
1747,2025-05-20,11,359.98,E3,card,0,0,normal,0,0,0.38662038354440803,1,0
1252,2025-06-29,19,440.42,E3,card,10,0,normal,0,0,0.7522566336440154,1,0
1021,2025-02-22,21,394.11,E2,card,0,0,normal,0,0,0.32911496429804904,1,0
1313,2025-05-27,18,329.63,E2,cash,0,0,normal,1,0,0.05420528963989467,1,0
1459,2025-08-01,16,385.87,E1,card,0,0,normal,0,0,1.4574945403998492,1,0
1160,2025-08-02,13,230.09,E2,card,0,0,normal,0,0,-0.3701822571261208,1,0
1276,2025-05-09,17,212.89,E3,card,0,0,normal,0,0,-0.28197031793683575,1,0
1191,2025-05-31,15,199.0,E3,cash,10,0,normal,1,0,-0.3451066619682075,1,0
1385,2025-06-12,13,204.31,E1,card,5,0,normal,0,0,-0.5139491961291943,1,0
9005,2025-07-03,4,1048.03,E3,cash,60,1,hard,1,1,3.514119412398645,-1,1
1413,2025-02-07,10,265.39,E3,card,0,0,normal,0,0,-0.04333402840141329,1,0
1491,2025-06-25,18,344.12,E1,cash,0,0,normal,1,0,1.0041580345610766,1,0
1343,2025-03-01,10,457.7,E2,card,0,0,normal,0,0,0.600230135072119,1,0
1769,2025-08-01,10,255.9,E3,cash,5,0,normal,1,0,-0.08647037864314956,1,0
1308,2025-04-03,10,169.55,E2,cash,0,0,normal,1,0,-0.6282937909940591,1,0
1661,2025-06-27,19,45.53,E1,cash,0,0,normal,1,0,-2.238039505041298,1,0
1130,2025-08-24,20,253.89,E3,cash,0,0,normal,1,0,-0.09560673944250583,1,0
1663,2025-05-04,11,89.92,E1,card,5,0,normal,0,0,-1.7560369303303252,-1,0
1099,2025-01-14,15,204.67,E2,card,5,0,normal,0,0,-0.47856010963558554,1,0
1372,2025-03-25,15,213.82,E1,card,0,0,normal,0,0,-0.4106861980327458,1,0
1087,2025-04-16,13,170.52,E1,card,0,0,normal,0,0,-0.8808531609745146,1,0
1458,2025-07-10,17,278.51,E1,card,5,0,normal,0,0,0.2917410729303728,1,0
1330,2025-08-08,19,302.9,E3,cash,0,0,normal,1,0,0.12716591865522853,1,0
1214,2025-03-25,17,290.02,E1,card,0,0,normal,0,0,0.41672078986939726,1,0
1466,2025-01-25,18,198.9,E1,card,0,0,normal,0,0,-0.5726929205983622,1,0
1121,2025-06-06,15,247.21,E3,card,0,0,normal,0,0,-0.1259703663776795,1,0
1614,2025-07-04,10,198.95,E3,card,0,0,normal,0,0,-0.34533393462490797,1,0
1020,2025-05-30,15,319.12,E2,card,0,0,normal,0,0,0.009396035907618002,1,0
1700,2025-08-25,16,138.28,E3,cash,0,0,normal,1,0,-0.6211065762651761,1,0
1071,2025-04-21,15,234.53,E1,card,5,0,normal,0,0,-0.18580957441787188,1,0
1106,2025-07-09,12,306.83,E2,card,0,0,normal,0,0,-0.04300222559282744,1,0
1270,2025-08-08,17,131.99,E2,card,0,0,normal,0,0,-0.7884303818774381,1,0
1435,2025-07-11,12,264.71,E3,card,0,0,normal,0,0,-0.04642493653253879,1,0
1102,2025-01-15,10,296.37,E1,card,0,0,normal,0,0,0.4856713721945761,1,0
